OrderID,Date,Year,Month,CustomerID,Product,Quantity,UnitPrice,ShippingAddress,PaymentMethod,OrderStatus,TrackingNumber,ItemsInCart,CouponCode,ReferralSource,TotalPrice
200000,2023-01-04 00:00:00,2023,1,72649,Monitor,5,570.62,928,Debit Card,Shipped,37947903,7,SAVE10,Instagram,2853.1
200001,2024-08-23 00:00:00,2024,8,75739,Phone,2,151.35,823,Online,Shipped,91186779,3,SAVE10,Referral,302.7
200002,2024-02-27 00:00:00,2024,2,81728,Tablet,5,550.68,512,Credit Card,Cancelled,42903982,8,FREESHIP,Email,2753.4
200003,2023-10-15 00:00:00,2023,10,33540,Chair,1,273.19,275,Debit Card,Returned,62788070,5,SAVE10,Facebook,273.19
200004,2025-05-08 00:00:00,2025,5,81840,Printer,4,626.01,668,Online,Delivered,29241424,8,SAVE10,Email,2504.04
200005,2023-10-23 00:00:00,2023,10,37249,Phone,2,245.86,934,Credit Card,Shipped,72976927,4,SAVE10,Instagram,491.72
200006,2025-06-17 00:00:00,2025,6,83492,Laptop,1,664.42,986,Gift Card,Returned,96417362,6,SAVE10,Facebook,664.42
200007,2023-05-12 00:00:00,2023,5,41460,Monitor,5,149.55,706,Cash,Shipped,78809193,9,FREESHIP,Facebook,747.75
200008,2025-04-02 00:00:00,2025,4,26817,Phone,2,134.28,904,Gift Card,Cancelled,61042692,2,No_Coupon,Email,268.56
200009,2023-11-21 00:00:00,2023,11,31946,Desk,4,509.38,102,Credit Card,Shipped,33478363,6,SAVE10,Google,2037.52
200010,2023-12-29 00:00:00,2023,12,43443,Tablet,5,625.97,333,Credit Card,Returned,98859248,9,WINTER15,Instagram,3129.85
200011,2024-02-17 00:00:00,2024,2,93861,Monitor,3,49.14,831,Online,Returned,48234646,7,SAVE10,Email,147.42
200012,2024-10-15 00:00:00,2024,10,38785,Monitor,2,180.5,179,Debit Card,Pending,20419991,6,FREESHIP,Referral,361
200013,2023-08-30 00:00:00,2023,8,88348,Laptop,3,201.49,903,Credit Card,Returned,81913874,4,FREESHIP,Facebook,604.47
200014,2023-03-27 00:00:00,2023,3,98474,Tablet,2,393.33,980,Debit Card,Pending,79186539,3,SAVE10,Instagram,786.66
200015,2023-07-17 00:00:00,2023,7,39416,Printer,1,473.96,942,Cash,Delivered,54930938,3,No_Coupon,Google,473.96
200016,2023-01-24 00:00:00,2023,1,28976,Printer,2,533.81,914,Credit Card,Pending,13194259,3,FREESHIP,Email,1067.62
200017,2024-03-02 00:00:00,2024,3,60672,Tablet,1,423.4,382,Debit Card,Shipped,11972116,3,No_Coupon,Referral,423.4
200018,2025-03-26 00:00:00,2025,3,84329,Desk,1,431.44,891,Gift Card,Pending,65191045,3,SAVE10,Facebook,431.44
200019,2023-01-23 00:00:00,2023,1,14552,Monitor,5,224,273,Cash,Returned,59101365,9,SAVE10,Google,1120
200020,2023-05-08 00:00:00,2023,5,54829,Chair,5,62.51,587,Cash,Pending,16718651,9,WINTER15,Instagram,312.55
200021,2024-11-17 00:00:00,2024,11,99023,Monitor,4,342.95,569,Cash,Delivered,52646983,6,No_Coupon,Google,1371.8
200022,2023-01-29 00:00:00,2023,1,34416,Monitor,2,49.62,633,Online,Pending,75937350,2,SAVE10,Google,99.24
200023,2025-04-09 00:00:00,2025,4,42372,Phone,4,273.25,755,Debit Card,Cancelled,36168083,5,FREESHIP,Referral,1093
200024,2024-10-30 00:00:00,2024,10,17470,Laptop,2,230.95,956,Online,Delivered,28775057,3,WINTER15,Referral,461.9
200025,2024-07-24 00:00:00,2024,7,42577,Monitor,1,399.98,709,Debit Card,Delivered,69423327,3,WINTER15,Email,399.98
200026,2024-03-06 00:00:00,2024,3,21944,Laptop,5,59.55,296,Online,Delivered,80276812,6,No_Coupon,Referral,297.75
200027,2024-02-22 00:00:00,2024,2,97593,Printer,1,472.74,881,Online,Shipped,89117573,6,WINTER15,Google,472.74
200028,2023-11-21 00:00:00,2023,11,59823,Phone,4,160.07,568,Online,Pending,65895539,5,No_Coupon,Email,640.28
200029,2024-09-20 00:00:00,2024,9,33260,Desk,3,423.53,930,Credit Card,Delivered,59744090,6,SAVE10,Referral,1270.59
200030,2025-03-22 00:00:00,2025,3,44267,Monitor,2,426.7,895,Online,Pending,54751444,5,SAVE10,Referral,853.4
200031,2023-06-30 00:00:00,2023,6,26445,Chair,3,500.08,996,Debit Card,Returned,31229981,6,No_Coupon,Facebook,1500.24
200032,2023-05-01 00:00:00,2023,5,12388,Tablet,5,536.72,830,Cash,Delivered,99261395,10,No_Coupon,Email,2683.6
200033,2023-06-05 00:00:00,2023,6,52184,Chair,1,162.77,912,Online,Cancelled,73312471,4,WINTER15,Facebook,162.77
200034,2023-01-07 00:00:00,2023,1,67195,Chair,4,576.52,926,Credit Card,Pending,55467915,5,WINTER15,Facebook,2306.08
200035,2024-12-07 00:00:00,2024,12,50304,Monitor,2,465.15,128,Online,Shipped,46850888,2,SAVE10,Facebook,930.3
200036,2025-05-08 00:00:00,2025,5,59337,Laptop,2,534.43,465,Debit Card,Pending,50961250,5,No_Coupon,Facebook,1068.86
200037,2024-10-14 00:00:00,2024,10,10054,Laptop,2,76.74,409,Cash,Returned,94005261,7,SAVE10,Instagram,153.48
200038,2024-12-19 00:00:00,2024,12,15924,Laptop,1,245.89,549,Debit Card,Delivered,14835975,3,SAVE10,Google,245.89
200039,2025-02-27 00:00:00,2025,2,96664,Printer,3,256.46,666,Credit Card,Delivered,85508960,4,SAVE10,Referral,769.38
200040,2023-08-20 00:00:00,2023,8,84766,Desk,2,344.02,267,Online,Delivered,78967923,4,FREESHIP,Instagram,688.04
200041,2023-12-05 00:00:00,2023,12,20212,Monitor,3,611.45,657,Gift Card,Pending,69733327,4,FREESHIP,Instagram,1834.35
200042,2024-05-06 00:00:00,2024,5,28712,Printer,2,151.66,980,Cash,Cancelled,40772558,6,No_Coupon,Instagram,303.32
200043,2023-12-14 00:00:00,2023,12,60572,Chair,3,499.21,871,Online,Cancelled,20351666,8,No_Coupon,Instagram,1497.63
200044,2025-04-21 00:00:00,2025,4,73225,Phone,2,550.18,996,Gift Card,Returned,73848522,3,FREESHIP,Referral,1100.36
200045,2024-02-10 00:00:00,2024,2,17388,Chair,1,317.25,157,Debit Card,Returned,47077395,1,SAVE10,Facebook,317.25
200046,2024-06-26 00:00:00,2024,6,43212,Monitor,4,550.14,223,Debit Card,Pending,25100762,4,FREESHIP,Instagram,2200.56
200047,2023-07-19 00:00:00,2023,7,38134,Desk,2,209.94,323,Credit Card,Returned,42450754,3,FREESHIP,Email,419.88
200048,2023-08-26 00:00:00,2023,8,12408,Monitor,2,80.77,464,Debit Card,Shipped,38938858,4,No_Coupon,Google,161.54
200049,2023-10-07 00:00:00,2023,10,11985,Printer,1,30.44,633,Credit Card,Shipped,53272402,1,SAVE10,Email,30.44
200050,2023-07-31 00:00:00,2023,7,96494,Tablet,1,179.22,446,Online,Cancelled,14675049,6,FREESHIP,Instagram,179.22
200051,2024-12-30 00:00:00,2024,12,36778,Tablet,1,388.33,434,Cash,Returned,67610289,2,SAVE10,Facebook,388.33
200052,2024-09-08 00:00:00,2024,9,30513,Tablet,1,586.44,232,Online,Returned,64320429,5,SAVE10,Facebook,586.44
200053,2024-05-18 00:00:00,2024,5,67551,Phone,4,488.78,512,Online,Returned,94992552,5,FREESHIP,Google,1955.12
200054,2025-03-27 00:00:00,2025,3,48120,Chair,1,280.25,623,Online,Pending,11014449,5,WINTER15,Email,280.25
200055,2025-06-24 00:00:00,2025,6,95984,Printer,3,344.4,565,Online,Cancelled,67434829,3,No_Coupon,Facebook,1033.2
200056,2023-05-21 00:00:00,2023,5,54298,Tablet,3,479.21,566,Cash,Cancelled,62902341,5,WINTER15,Referral,1437.63
200057,2023-01-22 00:00:00,2023,1,88036,Printer,5,314.27,842,Cash,Returned,52470128,6,SAVE10,Instagram,1571.35
200058,2023-01-15 00:00:00,2023,1,60190,Phone,4,474.69,202,Gift Card,Cancelled,70857868,6,SAVE10,Google,1898.76
200059,2024-09-11 00:00:00,2024,9,97603,Chair,4,593.27,811,Online,Shipped,47055028,5,No_Coupon,Facebook,2373.08
200060,2024-08-21 00:00:00,2024,8,39256,Desk,1,417.1,634,Debit Card,Returned,23412025,3,FREESHIP,Referral,417.1
200061,2024-03-24 00:00:00,2024,3,61618,Desk,4,122.2,104,Cash,Delivered,43458485,7,FREESHIP,Facebook,488.8
200062,2023-08-22 00:00:00,2023,8,36497,Desk,2,43.15,691,Debit Card,Pending,12102911,3,WINTER15,Email,86.3
200063,2025-02-02 00:00:00,2025,2,96695,Chair,1,564.86,813,Debit Card,Shipped,64283851,6,WINTER15,Referral,564.86
200064,2025-06-25 00:00:00,2025,6,49720,Printer,3,130.61,752,Debit Card,Cancelled,55785217,4,FREESHIP,Facebook,391.83
200065,2023-12-30 00:00:00,2023,12,97735,Monitor,5,81.7,385,Credit Card,Delivered,13743703,6,No_Coupon,Instagram,408.5
200066,2024-11-15 00:00:00,2024,11,18104,Chair,5,127.18,715,Cash,Cancelled,15488568,9,SAVE10,Referral,635.9
200067,2024-12-09 00:00:00,2024,12,25587,Printer,4,12.1,440,Debit Card,Cancelled,55105323,8,No_Coupon,Google,48.4
200068,2023-12-11 00:00:00,2023,12,41598,Chair,3,490.92,709,Credit Card,Pending,81665940,5,FREESHIP,Email,1472.76
200069,2023-05-11 00:00:00,2023,5,43338,Monitor,3,478.65,552,Online,Shipped,35241775,4,No_Coupon,Referral,1435.95
200070,2023-05-26 00:00:00,2023,5,25123,Desk,1,629.21,384,Gift Card,Pending,27812282,2,FREESHIP,Instagram,629.21
200071,2025-06-10 00:00:00,2025,6,37454,Monitor,3,434.45,923,Credit Card,Pending,28252730,4,No_Coupon,Referral,1303.35
200072,2024-12-22 00:00:00,2024,12,19451,Tablet,4,589.44,942,Gift Card,Returned,87787793,5,No_Coupon,Facebook,2357.76
200073,2023-05-03 00:00:00,2023,5,17269,Monitor,4,433.45,129,Gift Card,Cancelled,79608389,4,No_Coupon,Facebook,1733.8
200074,2023-06-24 00:00:00,2023,6,25382,Phone,5,90.87,622,Cash,Pending,64691287,5,No_Coupon,Instagram,454.35
200075,2023-09-26 00:00:00,2023,9,80651,Tablet,3,398.17,917,Debit Card,Delivered,14846720,5,SAVE10,Email,1194.51
200076,2024-03-31 00:00:00,2024,3,58638,Laptop,4,382.88,239,Cash,Cancelled,38224871,6,WINTER15,Email,1531.52
200077,2024-05-24 00:00:00,2024,5,50121,Phone,1,583.18,348,Credit Card,Returned,79810059,5,No_Coupon,Google,583.18
200078,2024-08-06 00:00:00,2024,8,32029,Printer,4,175.36,146,Debit Card,Delivered,68535532,4,FREESHIP,Instagram,701.44
200079,2025-03-10 00:00:00,2025,3,76700,Tablet,2,311.91,103,Online,Shipped,13036341,2,No_Coupon,Facebook,623.82
200080,2023-06-27 00:00:00,2023,6,29041,Phone,3,589.56,591,Online,Returned,28840655,6,No_Coupon,Facebook,1768.68
200081,2023-06-08 00:00:00,2023,6,29314,Monitor,2,394.3,496,Cash,Shipped,59876213,6,FREESHIP,Email,788.6
200082,2024-01-05 00:00:00,2024,1,65799,Tablet,4,565.2,971,Debit Card,Shipped,66906607,9,SAVE10,Google,2260.8
200083,2023-08-22 00:00:00,2023,8,15681,Laptop,4,540.41,989,Credit Card,Cancelled,75112172,6,No_Coupon,Referral,2161.64
200084,2023-08-28 00:00:00,2023,8,64160,Monitor,2,165.49,967,Online,Shipped,34121529,4,WINTER15,Instagram,330.98
200085,2024-09-09 00:00:00,2024,9,14553,Tablet,3,146.73,768,Cash,Delivered,93538334,8,FREESHIP,Email,440.19
200086,2024-06-19 00:00:00,2024,6,88205,Printer,5,643.03,447,Online,Cancelled,93504166,5,FREESHIP,Referral,3215.15
200087,2024-10-10 00:00:00,2024,10,91245,Tablet,3,225.11,915,Cash,Shipped,46976391,4,SAVE10,Facebook,675.33
200088,2025-06-05 00:00:00,2025,6,75439,Desk,3,114.81,318,Gift Card,Cancelled,19831653,7,No_Coupon,Google,344.43
200089,2025-02-25 00:00:00,2025,2,17181,Printer,5,455.33,291,Credit Card,Cancelled,78912978,8,FREESHIP,Google,2276.65
200090,2023-09-18 00:00:00,2023,9,36540,Chair,4,182.08,611,Gift Card,Delivered,35828122,4,SAVE10,Email,728.32
200091,2023-03-15 00:00:00,2023,3,98216,Laptop,5,492.75,196,Cash,Shipped,40986666,6,WINTER15,Referral,2463.75
200092,2024-06-10 00:00:00,2024,6,29568,Printer,4,48.61,203,Online,Shipped,46531075,7,FREESHIP,Facebook,194.44
200093,2023-01-14 00:00:00,2023,1,97262,Desk,4,431.01,837,Credit Card,Returned,65990229,7,No_Coupon,Referral,1724.04
200094,2023-02-11 00:00:00,2023,2,79821,Chair,1,531.18,781,Gift Card,Returned,12780193,6,WINTER15,Instagram,531.18
200095,2023-03-24 00:00:00,2023,3,76761,Printer,4,117.51,839,Debit Card,Returned,60179774,7,No_Coupon,Referral,470.04
200096,2024-06-01 00:00:00,2024,6,93007,Phone,2,232.83,103,Gift Card,Delivered,85696091,7,No_Coupon,Instagram,465.66
200097,2025-01-21 00:00:00,2025,1,15624,Tablet,5,619.52,922,Debit Card,Pending,40621141,9,No_Coupon,Email,3097.6
200098,2023-01-14 00:00:00,2023,1,70921,Printer,2,228.54,533,Debit Card,Pending,54983109,3,No_Coupon,Email,457.08
200099,2025-04-12 00:00:00,2025,4,30477,Printer,1,201.58,717,Debit Card,Cancelled,51829648,2,WINTER15,Email,201.58
200100,2023-02-17 00:00:00,2023,2,74866,Phone,3,664.79,743,Online,Delivered,53783265,6,No_Coupon,Facebook,1994.37
200101,2023-11-25 00:00:00,2023,11,15283,Printer,1,381.02,152,Cash,Shipped,19286291,6,No_Coupon,Google,381.02
200102,2023-03-08 00:00:00,2023,3,18037,Laptop,2,70.34,944,Gift Card,Cancelled,47362236,3,FREESHIP,Email,140.68
200103,2025-01-25 00:00:00,2025,1,62656,Phone,4,218.43,514,Credit Card,Cancelled,86296459,9,SAVE10,Email,873.72
200104,2024-07-30 00:00:00,2024,7,65744,Phone,1,582.04,647,Gift Card,Delivered,39906058,1,FREESHIP,Email,582.04
200105,2024-10-24 00:00:00,2024,10,72290,Printer,3,185.4,810,Gift Card,Cancelled,68792129,7,No_Coupon,Facebook,556.2
200106,2023-09-08 00:00:00,2023,9,73514,Desk,3,465.05,126,Credit Card,Cancelled,96777924,3,SAVE10,Email,1395.15
200107,2023-03-27 00:00:00,2023,3,16775,Printer,5,670.75,848,Gift Card,Shipped,34392124,8,FREESHIP,Instagram,3353.75
200108,2024-12-28 00:00:00,2024,12,33099,Laptop,5,48.38,522,Gift Card,Delivered,28522330,9,WINTER15,Email,241.9
200109,2023-09-17 00:00:00,2023,9,51157,Desk,3,592.87,131,Gift Card,Shipped,18674578,3,FREESHIP,Referral,1778.61
200110,2024-04-21 00:00:00,2024,4,74562,Tablet,1,220.77,388,Gift Card,Pending,32062079,5,FREESHIP,Instagram,220.77
200111,2025-05-07 00:00:00,2025,5,95271,Desk,3,309.22,620,Online,Cancelled,74904969,7,FREESHIP,Google,927.66
200112,2023-01-01 00:00:00,2023,1,81366,Monitor,1,410.6,423,Online,Cancelled,17062206,2,WINTER15,Referral,410.6
200113,2024-01-17 00:00:00,2024,1,65905,Laptop,5,190.08,605,Cash,Shipped,73954365,9,FREESHIP,Instagram,950.4
200114,2025-01-27 00:00:00,2025,1,77272,Monitor,5,498.48,115,Online,Pending,29708128,8,SAVE10,Google,2492.4
200115,2023-11-27 00:00:00,2023,11,32580,Phone,5,374.99,122,Online,Shipped,23670394,9,SAVE10,Facebook,1874.95
200116,2023-03-19 00:00:00,2023,3,47761,Printer,4,291.35,109,Credit Card,Cancelled,66669207,6,WINTER15,Facebook,1165.4
200117,2023-03-08 00:00:00,2023,3,49187,Tablet,1,535.5,593,Gift Card,Cancelled,81888598,5,WINTER15,Referral,535.5
200118,2023-10-09 00:00:00,2023,10,27898,Printer,5,502.71,807,Gift Card,Shipped,61957665,7,FREESHIP,Google,2513.55
200119,2025-06-11 00:00:00,2025,6,14683,Desk,2,534.67,187,Debit Card,Shipped,47373682,7,FREESHIP,Referral,1069.34
200120,2023-04-11 00:00:00,2023,4,58108,Tablet,4,629.34,986,Cash,Cancelled,66218053,4,WINTER15,Instagram,2517.36
200121,2023-11-30 00:00:00,2023,11,89822,Desk,1,410.78,673,Cash,Cancelled,24138598,1,FREESHIP,Instagram,410.78
200122,2024-04-15 00:00:00,2024,4,96787,Laptop,2,533.02,588,Gift Card,Shipped,30422853,2,No_Coupon,Facebook,1066.04
200123,2023-07-06 00:00:00,2023,7,86064,Desk,3,278.04,727,Online,Delivered,62182901,5,No_Coupon,Instagram,834.12
200124,2024-07-28 00:00:00,2024,7,97148,Printer,4,283.79,563,Online,Pending,85321126,8,No_Coupon,Google,1135.16
200125,2024-11-06 00:00:00,2024,11,91099,Phone,2,512.65,758,Credit Card,Shipped,81846174,5,SAVE10,Email,1025.3
200126,2025-05-03 00:00:00,2025,5,55606,Desk,4,275.5,353,Gift Card,Shipped,68250319,8,FREESHIP,Google,1102
200127,2023-08-10 00:00:00,2023,8,71486,Desk,3,469.32,365,Debit Card,Shipped,73929833,3,No_Coupon,Google,1407.96
200128,2023-02-17 00:00:00,2023,2,86408,Tablet,4,21.07,244,Gift Card,Delivered,41432648,4,FREESHIP,Google,84.28
200129,2023-10-27 00:00:00,2023,10,52751,Laptop,4,263.93,427,Debit Card,Shipped,72481234,4,FREESHIP,Facebook,1055.72
200130,2025-01-22 00:00:00,2025,1,29059,Desk,3,501.3,513,Online,Cancelled,88360704,3,WINTER15,Facebook,1503.9
200131,2023-01-08 00:00:00,2023,1,72862,Tablet,1,84.8,606,Gift Card,Pending,51648833,5,No_Coupon,Instagram,84.8
200132,2023-03-28 00:00:00,2023,3,96257,Tablet,4,450.75,583,Credit Card,Shipped,13137948,6,WINTER15,Email,1803
200133,2025-06-20 00:00:00,2025,6,87432,Chair,4,302.05,636,Debit Card,Cancelled,68969625,6,SAVE10,Google,1208.2
200134,2025-06-23 00:00:00,2025,6,16253,Laptop,2,199.7,583,Cash,Pending,17354894,4,No_Coupon,Email,399.4
200135,2023-08-04 00:00:00,2023,8,79909,Printer,2,68.81,642,Gift Card,Shipped,86742257,5,SAVE10,Referral,137.62
200136,2024-04-27 00:00:00,2024,4,73370,Laptop,1,44.35,595,Gift Card,Cancelled,67820278,1,SAVE10,Instagram,44.35
200137,2024-11-26 00:00:00,2024,11,50682,Monitor,2,250.98,598,Credit Card,Delivered,12242337,5,No_Coupon,Google,501.96
200138,2023-12-21 00:00:00,2023,12,21905,Tablet,1,298.06,478,Debit Card,Pending,31863841,3,WINTER15,Google,298.06
200139,2023-04-10 00:00:00,2023,4,61440,Phone,1,583.9,714,Cash,Returned,33114521,1,No_Coupon,Email,583.9
200140,2025-05-31 00:00:00,2025,5,33110,Chair,3,528.14,388,Online,Delivered,38624225,3,FREESHIP,Email,1584.42
200141,2023-11-18 00:00:00,2023,11,80004,Printer,3,684.14,151,Cash,Cancelled,66230753,3,WINTER15,Instagram,2052.42
200142,2023-09-06 00:00:00,2023,9,86374,Desk,5,272.77,573,Cash,Pending,79451491,7,WINTER15,Email,1363.85
200143,2024-06-13 00:00:00,2024,6,66521,Chair,4,400.07,933,Online,Shipped,34654244,5,No_Coupon,Referral,1600.28
200144,2023-08-04 00:00:00,2023,8,63365,Desk,5,219.78,895,Credit Card,Pending,80100887,8,No_Coupon,Facebook,1098.9
200145,2024-03-02 00:00:00,2024,3,85929,Printer,3,146.91,798,Credit Card,Delivered,29318610,6,FREESHIP,Google,440.73
200146,2025-04-30 00:00:00,2025,4,84645,Tablet,2,411.49,404,Credit Card,Returned,68893369,4,No_Coupon,Instagram,822.98
200147,2025-05-06 00:00:00,2025,5,46316,Laptop,2,465.18,893,Credit Card,Cancelled,16196000,2,SAVE10,Google,930.36
200148,2024-12-15 00:00:00,2024,12,35100,Phone,2,319.91,139,Credit Card,Cancelled,56853491,3,WINTER15,Google,639.82
200149,2023-12-27 00:00:00,2023,12,39671,Laptop,1,217.56,174,Debit Card,Delivered,47153818,3,No_Coupon,Facebook,217.56
200150,2023-12-13 00:00:00,2023,12,25503,Phone,2,105.57,981,Debit Card,Returned,29878837,5,WINTER15,Google,211.14
200151,2023-12-01 00:00:00,2023,12,32960,Printer,5,444.76,947,Debit Card,Returned,91226500,7,No_Coupon,Email,2223.8
200152,2025-01-02 00:00:00,2025,1,77736,Chair,2,399.04,659,Cash,Cancelled,90329250,3,FREESHIP,Referral,798.08
200153,2024-12-18 00:00:00,2024,12,71570,Chair,4,534.48,437,Online,Returned,95992269,9,WINTER15,Instagram,2137.92
200154,2023-07-20 00:00:00,2023,7,73587,Phone,4,408.21,727,Credit Card,Pending,13955543,9,No_Coupon,Instagram,1632.84
200155,2023-02-27 00:00:00,2023,2,62740,Phone,1,424.4,446,Online,Shipped,20706408,6,WINTER15,Referral,424.4
200156,2024-11-08 00:00:00,2024,11,58808,Chair,2,269.83,651,Online,Delivered,24451893,4,SAVE10,Email,539.66
200157,2025-02-21 00:00:00,2025,2,50422,Monitor,2,564.58,636,Online,Returned,71227815,4,WINTER15,Facebook,1129.16
200158,2024-05-16 00:00:00,2024,5,23334,Tablet,1,331.06,737,Credit Card,Pending,46335144,5,WINTER15,Instagram,331.06
200159,2023-10-31 00:00:00,2023,10,48965,Printer,1,299.35,819,Credit Card,Cancelled,50921780,5,WINTER15,Email,299.35
200160,2023-02-17 00:00:00,2023,2,38669,Monitor,4,101.32,240,Cash,Pending,81738254,7,No_Coupon,Referral,405.28
200161,2024-03-29 00:00:00,2024,3,35091,Monitor,1,211.14,513,Credit Card,Cancelled,53784452,1,SAVE10,Facebook,211.14
200162,2023-07-27 00:00:00,2023,7,82313,Chair,3,65.86,917,Online,Pending,79854624,8,WINTER15,Google,197.58
200163,2025-06-24 00:00:00,2025,6,99589,Tablet,1,641.39,277,Online,Cancelled,16695001,1,No_Coupon,Referral,641.39
200164,2023-12-28 00:00:00,2023,12,70566,Desk,5,536.58,667,Gift Card,Pending,49673411,5,SAVE10,Google,2682.9
200165,2024-09-14 00:00:00,2024,9,60355,Monitor,2,500.29,226,Online,Returned,30155194,7,WINTER15,Google,1000.58
200166,2025-03-04 00:00:00,2025,3,28889,Chair,3,86.29,565,Cash,Delivered,23791726,6,WINTER15,Instagram,258.87
200167,2023-05-27 00:00:00,2023,5,88304,Chair,2,384.14,219,Online,Returned,44268941,2,WINTER15,Email,768.28
200168,2025-01-04 00:00:00,2025,1,49517,Printer,1,594.96,878,Cash,Returned,78551375,6,No_Coupon,Facebook,594.96
200169,2024-04-07 00:00:00,2024,4,35785,Printer,1,427.82,732,Online,Delivered,78923089,2,WINTER15,Email,427.82
200170,2025-04-04 00:00:00,2025,4,80223,Desk,4,662.94,535,Cash,Cancelled,68632951,8,SAVE10,Instagram,2651.76
200171,2023-08-15 00:00:00,2023,8,20448,Tablet,2,148.22,336,Credit Card,Delivered,67379895,7,WINTER15,Instagram,296.44
200172,2025-04-06 00:00:00,2025,4,34134,Printer,1,254.12,365,Online,Delivered,43074303,1,WINTER15,Email,254.12
200173,2024-03-24 00:00:00,2024,3,95901,Phone,3,664.46,806,Online,Delivered,56989066,4,FREESHIP,Google,1993.38
200174,2024-04-16 00:00:00,2024,4,51145,Printer,4,600.81,790,Debit Card,Delivered,59154274,9,SAVE10,Email,2403.24
200175,2025-02-08 00:00:00,2025,2,78170,Chair,5,68.34,332,Debit Card,Pending,71410605,6,WINTER15,Referral,341.7
200176,2025-06-28 00:00:00,2025,6,80151,Tablet,4,430.83,553,Gift Card,Pending,88251529,8,WINTER15,Referral,1723.32
200177,2023-08-05 00:00:00,2023,8,55632,Chair,5,431.69,354,Credit Card,Pending,13003066,10,No_Coupon,Facebook,2158.45
200178,2024-04-11 00:00:00,2024,4,53070,Chair,4,512.06,283,Online,Delivered,49791755,5,SAVE10,Google,2048.24
200179,2024-11-24 00:00:00,2024,11,27401,Laptop,3,539.91,500,Credit Card,Delivered,14332053,8,No_Coupon,Email,1619.73
200180,2023-03-18 00:00:00,2023,3,87216,Tablet,5,316.07,970,Cash,Returned,18713727,10,No_Coupon,Google,1580.35
200181,2024-08-31 00:00:00,2024,8,38966,Printer,5,404.39,247,Online,Shipped,17205146,10,No_Coupon,Referral,2021.95
200182,2025-03-19 00:00:00,2025,3,16612,Desk,1,600.54,596,Debit Card,Pending,96188223,4,WINTER15,Google,600.54
200183,2024-04-18 00:00:00,2024,4,39246,Monitor,5,186.28,258,Debit Card,Delivered,16658182,8,SAVE10,Email,931.4
200184,2024-04-04 00:00:00,2024,4,65180,Tablet,4,214.54,231,Gift Card,Cancelled,39255469,7,No_Coupon,Referral,858.16
200185,2025-02-02 00:00:00,2025,2,46877,Laptop,1,210.7,572,Online,Shipped,96935978,2,WINTER15,Referral,210.7
200186,2023-12-07 00:00:00,2023,12,30334,Phone,2,133.55,322,Cash,Pending,66388885,7,FREESHIP,Facebook,267.1
200187,2023-02-08 00:00:00,2023,2,21227,Chair,1,590.87,689,Gift Card,Returned,79129657,6,FREESHIP,Referral,590.87
200188,2025-03-15 00:00:00,2025,3,97715,Chair,2,363.91,927,Gift Card,Shipped,19515949,2,FREESHIP,Referral,727.82
200189,2023-07-05 00:00:00,2023,7,48939,Printer,5,429.45,597,Gift Card,Cancelled,62786764,5,WINTER15,Email,2147.25
200190,2024-08-31 00:00:00,2024,8,35483,Printer,3,223.7,725,Cash,Returned,79638203,3,SAVE10,Email,671.1
200191,2025-03-08 00:00:00,2025,3,51494,Laptop,2,488.87,505,Online,Cancelled,58520306,4,FREESHIP,Google,977.74
200192,2023-08-11 00:00:00,2023,8,58410,Desk,1,645.46,151,Gift Card,Cancelled,19749672,5,SAVE10,Google,645.46
200193,2023-07-21 00:00:00,2023,7,11644,Printer,1,46.66,429,Cash,Cancelled,81320339,6,No_Coupon,Google,46.66
200194,2024-06-08 00:00:00,2024,6,53501,Monitor,1,249.57,899,Cash,Shipped,90144892,3,FREESHIP,Google,249.57
200195,2024-04-22 00:00:00,2024,4,63619,Chair,3,619.21,801,Debit Card,Cancelled,65385674,6,No_Coupon,Email,1857.63
200196,2025-01-24 00:00:00,2025,1,40882,Desk,4,217.13,719,Cash,Delivered,64165503,8,WINTER15,Email,868.52
200197,2023-08-27 00:00:00,2023,8,80135,Laptop,5,221.51,723,Cash,Returned,95222269,5,WINTER15,Referral,1107.55
200198,2024-06-11 00:00:00,2024,6,37594,Laptop,4,340.3,926,Cash,Cancelled,94405162,8,SAVE10,Referral,1361.2
200199,2025-01-23 00:00:00,2025,1,87524,Phone,1,625,358,Online,Returned,21114341,5,WINTER15,Google,625
200200,2025-06-07 00:00:00,2025,6,97681,Tablet,5,433.26,895,Credit Card,Delivered,37531040,9,SAVE10,Google,2166.3
200201,2023-06-18 00:00:00,2023,6,10126,Monitor,2,674.9,146,Online,Shipped,75607531,4,SAVE10,Facebook,1349.8
200202,2025-02-06 00:00:00,2025,2,36938,Monitor,3,253.98,636,Credit Card,Cancelled,52522904,3,FREESHIP,Email,761.94
200203,2025-01-21 00:00:00,2025,1,99173,Printer,3,356.84,172,Online,Shipped,89849342,5,SAVE10,Instagram,1070.52
200204,2023-09-05 00:00:00,2023,9,99775,Laptop,4,413.71,478,Gift Card,Cancelled,21638425,9,FREESHIP,Facebook,1654.84
200205,2023-03-04 00:00:00,2023,3,19266,Desk,3,147.39,609,Debit Card,Returned,58357269,3,No_Coupon,Email,442.17
200206,2024-04-16 00:00:00,2024,4,31072,Laptop,4,229.1,729,Gift Card,Returned,77172975,8,WINTER15,Email,916.4
200207,2025-03-18 00:00:00,2025,3,54595,Phone,1,121.96,999,Debit Card,Delivered,44416659,3,No_Coupon,Google,121.96
200208,2024-10-08 00:00:00,2024,10,87777,Desk,2,408.32,597,Online,Shipped,29003608,3,FREESHIP,Facebook,816.64
200209,2023-08-29 00:00:00,2023,8,35854,Tablet,5,187.97,706,Cash,Returned,30615168,9,SAVE10,Google,939.85
200210,2024-12-05 00:00:00,2024,12,93821,Chair,3,358.48,513,Gift Card,Delivered,10658539,7,FREESHIP,Facebook,1075.44
200211,2025-01-03 00:00:00,2025,1,54390,Printer,3,193.58,185,Gift Card,Pending,83853742,7,FREESHIP,Email,580.74
200212,2023-06-20 00:00:00,2023,6,53215,Monitor,1,265.38,367,Credit Card,Cancelled,34751835,6,WINTER15,Email,265.38
200213,2023-04-20 00:00:00,2023,4,71122,Laptop,1,634.4,317,Cash,Cancelled,54757882,6,SAVE10,Email,634.4
200214,2024-08-21 00:00:00,2024,8,29483,Desk,4,305.72,673,Online,Delivered,89423603,5,No_Coupon,Facebook,1222.88
200215,2023-08-10 00:00:00,2023,8,26767,Printer,1,303.6,432,Cash,Shipped,24585307,5,FREESHIP,Facebook,303.6
200216,2025-04-15 00:00:00,2025,4,70492,Monitor,4,496,811,Online,Cancelled,84625405,8,WINTER15,Google,1984
200217,2024-05-20 00:00:00,2024,5,61549,Desk,4,321.51,908,Cash,Returned,65596914,9,No_Coupon,Google,1286.04
200218,2023-04-28 00:00:00,2023,4,11665,Tablet,3,112.46,882,Gift Card,Shipped,10993930,6,SAVE10,Instagram,337.38
200219,2025-05-02 00:00:00,2025,5,48946,Laptop,5,61.97,457,Cash,Delivered,99387220,6,SAVE10,Email,309.85
200220,2023-07-18 00:00:00,2023,7,79506,Laptop,2,373.17,497,Credit Card,Pending,95188748,6,SAVE10,Referral,746.34
200221,2024-02-23 00:00:00,2024,2,93473,Tablet,5,639.37,552,Debit Card,Pending,50003989,6,SAVE10,Google,3196.85
200222,2023-05-04 00:00:00,2023,5,43124,Chair,4,693.36,931,Online,Shipped,17293348,8,No_Coupon,Instagram,2773.44
200223,2024-09-11 00:00:00,2024,9,22783,Phone,4,692.91,673,Credit Card,Pending,55009149,9,SAVE10,Instagram,2771.64
200224,2023-09-23 00:00:00,2023,9,18567,Printer,4,91.46,507,Cash,Cancelled,17554673,9,SAVE10,Referral,365.84
200225,2024-03-13 00:00:00,2024,3,99879,Phone,3,273.96,692,Debit Card,Returned,50246700,8,SAVE10,Google,821.88
200226,2025-06-27 00:00:00,2025,6,31501,Desk,3,588.05,242,Gift Card,Delivered,93063929,8,No_Coupon,Instagram,1764.15
200227,2023-11-02 00:00:00,2023,11,93220,Monitor,2,365.17,353,Online,Cancelled,89023251,4,FREESHIP,Facebook,730.34
200228,2023-05-17 00:00:00,2023,5,57867,Chair,4,385.92,579,Credit Card,Cancelled,92055007,8,No_Coupon,Instagram,1543.68
200229,2025-03-28 00:00:00,2025,3,62622,Tablet,1,562.61,762,Credit Card,Delivered,70997648,3,WINTER15,Facebook,562.61
200230,2023-12-16 00:00:00,2023,12,94595,Desk,4,61.91,948,Gift Card,Delivered,24497305,6,WINTER15,Email,247.64
200231,2023-11-05 00:00:00,2023,11,30955,Phone,4,41.9,327,Gift Card,Pending,46898848,9,FREESHIP,Instagram,167.6
200232,2023-05-19 00:00:00,2023,5,20731,Printer,4,444.44,610,Debit Card,Cancelled,75568437,8,WINTER15,Google,1777.76
200233,2024-08-24 00:00:00,2024,8,30168,Phone,3,311.33,146,Cash,Cancelled,73699939,3,WINTER15,Instagram,933.99
200234,2024-11-26 00:00:00,2024,11,79842,Printer,4,236.41,337,Debit Card,Pending,26957950,7,SAVE10,Google,945.64
200235,2023-02-20 00:00:00,2023,2,32854,Desk,1,65.45,815,Cash,Pending,30009218,2,WINTER15,Google,65.45
200236,2023-01-01 00:00:00,2023,1,14847,Monitor,1,318.81,562,Debit Card,Pending,39663243,3,WINTER15,Email,318.81
200237,2024-03-14 00:00:00,2024,3,88645,Monitor,3,583.72,783,Credit Card,Shipped,74097570,5,FREESHIP,Facebook,1751.16
200238,2024-12-13 00:00:00,2024,12,66149,Desk,4,384.32,770,Credit Card,Pending,76307307,6,WINTER15,Google,1537.28
200239,2024-12-11 00:00:00,2024,12,20256,Tablet,3,538.74,456,Online,Shipped,71127943,6,FREESHIP,Email,1616.22
200240,2023-07-12 00:00:00,2023,7,14983,Tablet,1,17.24,255,Online,Pending,93444157,2,FREESHIP,Instagram,17.24
200241,2023-05-16 00:00:00,2023,5,20817,Chair,5,615.67,407,Online,Pending,44164590,6,SAVE10,Email,3078.35
200242,2023-05-09 00:00:00,2023,5,94921,Printer,2,219.1,134,Online,Pending,97794327,4,SAVE10,Referral,438.2
200243,2025-05-09 00:00:00,2025,5,54725,Chair,2,144.66,506,Online,Cancelled,30601940,7,FREESHIP,Google,289.32
200244,2023-02-16 00:00:00,2023,2,98096,Desk,2,317.77,838,Debit Card,Cancelled,51518631,4,WINTER15,Facebook,635.54
200245,2025-04-20 00:00:00,2025,4,12667,Laptop,1,223.3,306,Online,Returned,25390491,1,No_Coupon,Facebook,223.3
200246,2024-08-30 00:00:00,2024,8,55354,Desk,2,342.11,164,Gift Card,Shipped,15439493,2,WINTER15,Instagram,684.22
200247,2023-07-20 00:00:00,2023,7,14600,Printer,2,220.9,785,Gift Card,Shipped,84984764,4,No_Coupon,Email,441.8
200248,2023-07-02 00:00:00,2023,7,97187,Laptop,1,670.54,471,Cash,Shipped,62283713,6,FREESHIP,Referral,670.54
200249,2024-02-07 00:00:00,2024,2,39106,Printer,1,546.19,245,Cash,Pending,35464433,5,FREESHIP,Referral,546.19
200250,2023-04-05 00:00:00,2023,4,93379,Desk,3,42.95,318,Gift Card,Returned,67954150,8,SAVE10,Email,128.85
200251,2025-05-15 00:00:00,2025,5,93175,Monitor,4,14.69,814,Cash,Cancelled,32995144,9,No_Coupon,Email,58.76
200252,2024-09-20 00:00:00,2024,9,19648,Phone,4,668.36,821,Gift Card,Cancelled,51297879,5,FREESHIP,Facebook,2673.44
200253,2024-03-23 00:00:00,2024,3,14891,Chair,4,413.74,743,Gift Card,Returned,79471534,7,FREESHIP,Instagram,1654.96
200254,2023-12-26 00:00:00,2023,12,10866,Monitor,3,263.19,770,Online,Delivered,34809583,5,No_Coupon,Instagram,789.57
200255,2024-05-13 00:00:00,2024,5,47283,Monitor,1,263.96,806,Gift Card,Returned,56235117,2,SAVE10,Google,263.96
200256,2025-06-30 00:00:00,2025,6,94323,Chair,5,75.81,463,Gift Card,Returned,22663277,10,WINTER15,Instagram,379.05
200257,2024-04-23 00:00:00,2024,4,89732,Phone,1,406.22,712,Credit Card,Cancelled,41059233,5,SAVE10,Referral,406.22
200258,2024-02-26 00:00:00,2024,2,87764,Tablet,2,103.41,294,Online,Shipped,94082469,2,FREESHIP,Referral,206.82
200259,2023-06-11 00:00:00,2023,6,20977,Chair,4,435.12,636,Credit Card,Delivered,54991561,9,SAVE10,Instagram,1740.48
200260,2023-05-17 00:00:00,2023,5,12245,Monitor,2,407.79,153,Debit Card,Shipped,22000463,3,No_Coupon,Google,815.58
200261,2025-05-28 00:00:00,2025,5,68976,Phone,5,173.65,460,Gift Card,Delivered,25491356,9,SAVE10,Email,868.25
200262,2023-01-10 00:00:00,2023,1,69476,Phone,4,249.07,642,Credit Card,Returned,65869386,5,WINTER15,Referral,996.28
200263,2023-03-25 00:00:00,2023,3,71040,Phone,4,434.85,250,Credit Card,Pending,41397604,4,WINTER15,Google,1739.4
200264,2024-08-03 00:00:00,2024,8,71035,Tablet,1,436.77,977,Cash,Returned,19599578,5,FREESHIP,Google,436.77
200265,2023-12-22 00:00:00,2023,12,20752,Printer,1,572.13,150,Debit Card,Cancelled,22298450,4,SAVE10,Google,572.13
200266,2024-06-08 00:00:00,2024,6,38840,Chair,4,583.07,589,Credit Card,Cancelled,48484633,6,FREESHIP,Referral,2332.28
200267,2025-04-17 00:00:00,2025,4,84480,Chair,5,468.51,803,Debit Card,Delivered,62361867,9,No_Coupon,Facebook,2342.55
200268,2023-08-11 00:00:00,2023,8,37032,Phone,2,423.88,655,Debit Card,Delivered,48639226,7,SAVE10,Referral,847.76
200269,2023-11-25 00:00:00,2023,11,48942,Tablet,4,663.67,129,Credit Card,Pending,29355120,7,FREESHIP,Google,2654.68
200270,2023-06-04 00:00:00,2023,6,13540,Printer,4,309.91,127,Debit Card,Shipped,81087373,5,WINTER15,Google,1239.64
200271,2023-03-28 00:00:00,2023,3,59572,Monitor,1,542.07,791,Cash,Shipped,16792991,6,WINTER15,Referral,542.07
200272,2023-09-19 00:00:00,2023,9,29758,Chair,2,399.32,119,Online,Pending,12990043,6,WINTER15,Instagram,798.64
200273,2024-10-27 00:00:00,2024,10,11849,Tablet,2,238.25,974,Online,Cancelled,91195261,7,FREESHIP,Email,476.5
200274,2023-02-04 00:00:00,2023,2,50967,Phone,2,182.4,884,Gift Card,Cancelled,65300814,5,SAVE10,Referral,364.8
200275,2023-11-04 00:00:00,2023,11,80735,Chair,2,65.07,360,Credit Card,Cancelled,99880231,4,SAVE10,Google,130.14
200276,2025-03-29 00:00:00,2025,3,99050,Printer,2,600.57,654,Debit Card,Returned,56927089,3,WINTER15,Instagram,1201.14
200277,2024-09-09 00:00:00,2024,9,11210,Chair,5,90.92,910,Credit Card,Delivered,44929965,9,SAVE10,Facebook,454.6
200278,2024-11-18 00:00:00,2024,11,46015,Laptop,5,362.46,299,Cash,Delivered,46598430,6,FREESHIP,Instagram,1812.3
200279,2023-10-20 00:00:00,2023,10,69167,Chair,3,55.01,263,Online,Pending,12425655,7,WINTER15,Email,165.03
200280,2023-03-27 00:00:00,2023,3,55388,Tablet,3,404.62,740,Gift Card,Delivered,75741001,6,FREESHIP,Instagram,1213.86
200281,2023-07-27 00:00:00,2023,7,87181,Desk,4,654.79,195,Cash,Pending,60093390,9,No_Coupon,Referral,2619.16
200282,2025-04-22 00:00:00,2025,4,30411,Printer,4,637.79,375,Gift Card,Cancelled,71810536,9,FREESHIP,Google,2551.16
200283,2025-02-28 00:00:00,2025,2,39638,Laptop,4,540.33,990,Cash,Shipped,69745608,6,No_Coupon,Google,2161.32
200284,2023-02-16 00:00:00,2023,2,27203,Laptop,5,208.17,516,Credit Card,Returned,22023906,6,SAVE10,Facebook,1040.85
200285,2025-06-10 00:00:00,2025,6,67583,Phone,1,338.31,974,Online,Delivered,93281700,3,No_Coupon,Google,338.31
200286,2025-04-07 00:00:00,2025,4,70554,Monitor,3,139.45,187,Gift Card,Returned,61086952,8,WINTER15,Google,418.35
200287,2023-11-24 00:00:00,2023,11,70437,Chair,4,655.18,630,Online,Shipped,26628830,5,No_Coupon,Facebook,2620.72
200288,2023-03-12 00:00:00,2023,3,97643,Laptop,4,512.75,537,Debit Card,Returned,60831391,8,WINTER15,Google,2051
200289,2023-07-26 00:00:00,2023,7,17136,Chair,4,160.49,333,Credit Card,Shipped,55362541,8,WINTER15,Referral,641.96
200290,2023-05-05 00:00:00,2023,5,24901,Chair,3,99.9,258,Cash,Delivered,14029489,8,FREESHIP,Facebook,299.7
200291,2024-05-12 00:00:00,2024,5,61521,Phone,2,345.01,670,Credit Card,Delivered,93676567,6,FREESHIP,Google,690.02
200292,2025-01-15 00:00:00,2025,1,39639,Monitor,1,65.95,185,Credit Card,Delivered,31042152,5,No_Coupon,Facebook,65.95
200293,2023-02-16 00:00:00,2023,2,33220,Tablet,4,463.04,564,Gift Card,Returned,40450219,9,No_Coupon,Instagram,1852.16
200294,2025-04-01 00:00:00,2025,4,65414,Phone,2,297.71,208,Online,Shipped,67562517,7,SAVE10,Referral,595.42
200295,2023-01-25 00:00:00,2023,1,49009,Printer,5,107.48,278,Debit Card,Cancelled,46285799,9,FREESHIP,Email,537.4
200296,2024-06-19 00:00:00,2024,6,48453,Desk,5,638.8,434,Debit Card,Cancelled,52110494,10,WINTER15,Referral,3194
200297,2023-02-22 00:00:00,2023,2,68078,Desk,2,493.88,252,Credit Card,Returned,64862812,7,SAVE10,Instagram,987.76
200298,2023-12-19 00:00:00,2023,12,19402,Printer,4,301.17,267,Online,Cancelled,97825212,6,No_Coupon,Email,1204.68
200299,2024-01-20 00:00:00,2024,1,30711,Monitor,1,278.66,856,Gift Card,Cancelled,42696593,2,FREESHIP,Instagram,278.66
200300,2024-09-02 00:00:00,2024,9,39000,Phone,1,287.46,894,Debit Card,Returned,33753945,3,FREESHIP,Facebook,287.46
200301,2023-05-11 00:00:00,2023,5,31105,Chair,1,583.99,726,Cash,Cancelled,40149095,2,SAVE10,Email,583.99
200302,2023-05-16 00:00:00,2023,5,29432,Chair,3,468.74,121,Cash,Pending,44142517,4,FREESHIP,Instagram,1406.22
200303,2024-12-07 00:00:00,2024,12,48531,Tablet,1,30.54,368,Debit Card,Returned,95462192,1,No_Coupon,Google,30.54
200304,2024-10-18 00:00:00,2024,10,86762,Monitor,5,408.73,326,Gift Card,Delivered,75686292,10,FREESHIP,Instagram,2043.65
200305,2023-11-25 00:00:00,2023,11,63822,Laptop,4,126.89,235,Cash,Pending,59353216,9,FREESHIP,Instagram,507.56
200306,2024-06-07 00:00:00,2024,6,70495,Printer,2,57.07,238,Debit Card,Returned,65511225,3,SAVE10,Instagram,114.14
200307,2023-07-01 00:00:00,2023,7,92407,Laptop,3,557.41,135,Online,Delivered,11755610,4,No_Coupon,Email,1672.23
200308,2023-12-11 00:00:00,2023,12,75888,Printer,3,448.9,790,Debit Card,Returned,98467398,7,SAVE10,Instagram,1346.7
200309,2023-10-03 00:00:00,2023,10,63153,Chair,4,549.76,625,Debit Card,Delivered,38033305,4,FREESHIP,Facebook,2199.04
200310,2024-02-24 00:00:00,2024,2,85863,Printer,3,132.48,968,Online,Shipped,16094218,4,No_Coupon,Referral,397.44
200311,2025-05-17 00:00:00,2025,5,71698,Desk,5,489.37,274,Online,Returned,34786818,8,No_Coupon,Instagram,2446.85
200312,2025-05-24 00:00:00,2025,5,35397,Printer,5,66.31,579,Gift Card,Pending,64742535,7,FREESHIP,Referral,331.55
200313,2023-07-09 00:00:00,2023,7,67687,Chair,2,434.3,978,Cash,Delivered,22838735,7,SAVE10,Instagram,868.6
200314,2023-10-04 00:00:00,2023,10,29931,Desk,4,153.09,540,Online,Delivered,48712417,4,FREESHIP,Referral,612.36
200315,2025-05-12 00:00:00,2025,5,59139,Tablet,5,91.67,301,Online,Cancelled,45507090,9,FREESHIP,Email,458.35
200316,2023-10-02 00:00:00,2023,10,66078,Desk,4,275.28,101,Gift Card,Shipped,86474559,9,WINTER15,Facebook,1101.12
200317,2023-04-10 00:00:00,2023,4,88370,Monitor,2,139.95,339,Online,Returned,22575151,5,No_Coupon,Instagram,279.9
200318,2024-07-27 00:00:00,2024,7,93375,Chair,3,148.72,317,Debit Card,Cancelled,95706967,7,SAVE10,Google,446.16
200319,2023-12-02 00:00:00,2023,12,53049,Laptop,2,563.06,413,Cash,Returned,48974907,6,No_Coupon,Instagram,1126.12
200320,2024-12-19 00:00:00,2024,12,55590,Printer,1,625.51,772,Credit Card,Shipped,48792951,1,FREESHIP,Facebook,625.51
200321,2023-08-09 00:00:00,2023,8,47086,Phone,4,152.29,135,Debit Card,Cancelled,44194358,6,WINTER15,Google,609.16
200322,2024-06-14 00:00:00,2024,6,48646,Phone,5,231.82,339,Debit Card,Delivered,18233748,6,SAVE10,Facebook,1159.1
200323,2025-01-26 00:00:00,2025,1,29416,Laptop,1,150.17,414,Debit Card,Returned,63820842,1,SAVE10,Referral,150.17
200324,2024-06-13 00:00:00,2024,6,13525,Tablet,3,70.93,847,Debit Card,Returned,70193221,5,No_Coupon,Referral,212.79
200325,2023-06-29 00:00:00,2023,6,53545,Desk,3,361.39,665,Credit Card,Shipped,61123177,8,No_Coupon,Referral,1084.17
200326,2024-07-01 00:00:00,2024,7,65986,Laptop,5,670.48,273,Gift Card,Returned,98353867,5,SAVE10,Facebook,3352.4
200327,2023-07-25 00:00:00,2023,7,17302,Phone,1,359.99,385,Gift Card,Cancelled,43940016,5,SAVE10,Email,359.99
200328,2023-02-28 00:00:00,2023,2,18404,Tablet,5,674.04,546,Online,Cancelled,89401624,7,SAVE10,Google,3370.2
200329,2024-12-25 00:00:00,2024,12,88371,Chair,4,283.16,306,Credit Card,Shipped,63224811,6,No_Coupon,Google,1132.64
200330,2024-06-02 00:00:00,2024,6,38068,Desk,5,260.53,532,Gift Card,Pending,54059198,5,SAVE10,Instagram,1302.65
200331,2023-04-15 00:00:00,2023,4,78724,Printer,3,422.13,187,Online,Delivered,25703134,7,SAVE10,Facebook,1266.39
200332,2024-07-03 00:00:00,2024,7,26163,Desk,5,125.02,607,Debit Card,Pending,67499316,9,SAVE10,Google,625.1
200333,2024-04-16 00:00:00,2024,4,87124,Phone,1,198.51,818,Credit Card,Returned,52086740,5,WINTER15,Instagram,198.51
200334,2024-03-26 00:00:00,2024,3,90348,Chair,4,224.75,728,Online,Delivered,20635777,7,WINTER15,Facebook,899
200335,2025-03-03 00:00:00,2025,3,58721,Tablet,3,205.86,978,Gift Card,Shipped,34801199,4,No_Coupon,Email,617.58
200336,2023-12-29 00:00:00,2023,12,88174,Laptop,1,18.2,441,Debit Card,Pending,10143345,4,SAVE10,Instagram,18.2
200337,2023-05-29 00:00:00,2023,5,77763,Tablet,3,502.77,599,Debit Card,Returned,66980447,8,WINTER15,Email,1508.31
200338,2023-11-08 00:00:00,2023,11,53627,Phone,5,305.49,704,Debit Card,Shipped,64112352,10,No_Coupon,Referral,1527.45
200339,2024-04-10 00:00:00,2024,4,84563,Printer,2,236.33,398,Online,Pending,62422797,3,SAVE10,Instagram,472.66
200340,2023-04-23 00:00:00,2023,4,76207,Laptop,5,521.25,826,Cash,Cancelled,25569378,8,No_Coupon,Email,2606.25
200341,2024-09-23 00:00:00,2024,9,94671,Tablet,1,167.15,293,Gift Card,Shipped,61357272,5,WINTER15,Email,167.15
200342,2025-06-24 00:00:00,2025,6,69994,Monitor,5,466.42,619,Gift Card,Returned,95935805,5,No_Coupon,Referral,2332.1
200343,2023-02-26 00:00:00,2023,2,64638,Printer,1,527.57,919,Debit Card,Pending,64087938,3,FREESHIP,Facebook,527.57
200344,2025-03-06 00:00:00,2025,3,95623,Tablet,3,623.34,248,Online,Cancelled,67558189,3,SAVE10,Instagram,1870.02
200345,2023-12-07 00:00:00,2023,12,24751,Tablet,5,501.26,259,Gift Card,Shipped,37285406,10,FREESHIP,Referral,2506.3
200346,2024-12-06 00:00:00,2024,12,31764,Tablet,1,655.09,876,Cash,Pending,44680433,6,No_Coupon,Referral,655.09
200347,2024-02-03 00:00:00,2024,2,83556,Printer,4,264.79,380,Credit Card,Pending,21109187,5,SAVE10,Google,1059.16
200348,2024-03-13 00:00:00,2024,3,24369,Laptop,3,359.73,885,Debit Card,Returned,72633998,7,FREESHIP,Email,1079.19
200349,2023-11-30 00:00:00,2023,11,39648,Chair,1,465.33,824,Gift Card,Delivered,56016905,2,FREESHIP,Google,465.33
200350,2023-06-03 00:00:00,2023,6,13296,Chair,2,54.41,495,Online,Shipped,60127216,6,No_Coupon,Instagram,108.82
200351,2025-02-15 00:00:00,2025,2,94248,Laptop,1,64.66,494,Debit Card,Delivered,89406816,4,No_Coupon,Instagram,64.66
200352,2023-08-31 00:00:00,2023,8,26637,Chair,5,173.96,995,Debit Card,Pending,59546992,8,WINTER15,Instagram,869.8
200353,2025-03-28 00:00:00,2025,3,16012,Tablet,1,630.82,171,Online,Delivered,15195225,5,FREESHIP,Google,630.82
200354,2023-07-11 00:00:00,2023,7,31772,Phone,1,693.41,992,Debit Card,Shipped,11970357,4,No_Coupon,Instagram,693.41
200355,2025-06-03 00:00:00,2025,6,18353,Tablet,3,433.33,677,Credit Card,Cancelled,78766533,4,FREESHIP,Referral,1299.99
200356,2023-05-06 00:00:00,2023,5,26966,Printer,5,374.58,907,Gift Card,Cancelled,83889574,10,FREESHIP,Instagram,1872.9
200357,2023-07-08 00:00:00,2023,7,74982,Laptop,5,408.56,398,Debit Card,Delivered,98700702,8,FREESHIP,Instagram,2042.8
200358,2024-04-07 00:00:00,2024,4,70633,Tablet,2,183.67,747,Online,Cancelled,82540521,3,SAVE10,Google,367.34
200359,2023-06-09 00:00:00,2023,6,95643,Desk,4,606.57,303,Debit Card,Delivered,23286689,5,WINTER15,Referral,2426.28
200360,2024-06-06 00:00:00,2024,6,53810,Phone,4,589.57,779,Cash,Pending,34630612,8,No_Coupon,Instagram,2358.28
200361,2024-06-29 00:00:00,2024,6,53464,Printer,5,659.85,197,Credit Card,Delivered,32743531,9,SAVE10,Facebook,3299.25
200362,2023-06-27 00:00:00,2023,6,53697,Monitor,4,206.84,312,Cash,Cancelled,60476656,5,WINTER15,Instagram,827.36
200363,2024-05-24 00:00:00,2024,5,31668,Laptop,5,113.87,871,Credit Card,Pending,42584392,6,SAVE10,Email,569.35
200364,2023-11-24 00:00:00,2023,11,85282,Phone,5,628.74,740,Cash,Cancelled,86767206,9,FREESHIP,Facebook,3143.7
200365,2025-02-14 00:00:00,2025,2,56796,Phone,1,678.38,607,Credit Card,Cancelled,74263180,4,SAVE10,Referral,678.38
200366,2023-02-10 00:00:00,2023,2,95213,Printer,3,602.24,603,Debit Card,Pending,40630538,8,No_Coupon,Referral,1806.72
200367,2024-04-25 00:00:00,2024,4,13108,Laptop,5,658.77,712,Gift Card,Pending,82284400,10,FREESHIP,Instagram,3293.85
200368,2023-05-01 00:00:00,2023,5,85322,Monitor,3,271.02,403,Credit Card,Cancelled,89728869,6,No_Coupon,Google,813.06
200369,2024-12-22 00:00:00,2024,12,43545,Monitor,5,375.25,216,Gift Card,Pending,73937402,9,SAVE10,Email,1876.25
200370,2025-05-03 00:00:00,2025,5,80649,Phone,1,312.11,870,Online,Cancelled,41143313,4,WINTER15,Facebook,312.11
200371,2023-01-05 00:00:00,2023,1,59752,Phone,5,307.76,179,Gift Card,Pending,82229639,9,FREESHIP,Google,1538.8
200372,2025-02-14 00:00:00,2025,2,53645,Chair,3,483.53,166,Cash,Returned,12123939,4,No_Coupon,Referral,1450.59
200373,2023-01-02 00:00:00,2023,1,60178,Laptop,3,341.15,969,Cash,Pending,84505143,4,FREESHIP,Instagram,1023.45
200374,2024-09-16 00:00:00,2024,9,20286,Monitor,1,571.9,129,Gift Card,Pending,67648338,1,WINTER15,Instagram,571.9
200375,2025-01-16 00:00:00,2025,1,87547,Monitor,4,95.03,400,Online,Shipped,71027262,8,FREESHIP,Facebook,380.12
200376,2023-08-24 00:00:00,2023,8,64549,Monitor,5,201.22,341,Debit Card,Pending,20788231,6,FREESHIP,Facebook,1006.1
200377,2024-07-22 00:00:00,2024,7,24884,Monitor,1,260.26,625,Online,Pending,44538419,5,WINTER15,Instagram,260.26
200378,2024-02-01 00:00:00,2024,2,62666,Chair,5,64.5,148,Credit Card,Pending,91029390,8,WINTER15,Instagram,322.5
200379,2024-09-21 00:00:00,2024,9,47284,Phone,3,297.67,500,Online,Shipped,85756094,6,No_Coupon,Google,893.01
200380,2024-04-20 00:00:00,2024,4,35355,Printer,4,331.9,127,Cash,Pending,52935059,5,SAVE10,Instagram,1327.6
200381,2023-06-07 00:00:00,2023,6,29467,Chair,1,191.76,223,Credit Card,Returned,98103385,1,FREESHIP,Instagram,191.76
200382,2025-01-30 00:00:00,2025,1,26718,Printer,4,263.09,272,Debit Card,Shipped,91702525,8,SAVE10,Google,1052.36
200383,2023-01-20 00:00:00,2023,1,18944,Chair,4,393.8,837,Credit Card,Pending,45275439,7,SAVE10,Email,1575.2
200384,2024-11-24 00:00:00,2024,11,35628,Chair,3,553.57,147,Credit Card,Returned,45688220,4,FREESHIP,Facebook,1660.71
200385,2023-10-31 00:00:00,2023,10,56851,Chair,5,191.63,752,Gift Card,Delivered,65290904,6,FREESHIP,Facebook,958.15
200386,2023-04-28 00:00:00,2023,4,12421,Tablet,1,93.02,373,Online,Returned,32588504,4,No_Coupon,Email,93.02
200387,2024-06-27 00:00:00,2024,6,25316,Printer,2,39.53,904,Credit Card,Shipped,55423551,3,WINTER15,Google,79.06
200388,2023-12-28 00:00:00,2023,12,22657,Printer,3,633.97,152,Cash,Pending,49157047,7,WINTER15,Facebook,1901.91
200389,2023-12-17 00:00:00,2023,12,29703,Desk,4,697.5,558,Cash,Shipped,40543461,7,FREESHIP,Referral,2790
200390,2023-07-14 00:00:00,2023,7,55996,Printer,5,508.69,885,Cash,Delivered,30547638,10,FREESHIP,Google,2543.45
200391,2025-01-16 00:00:00,2025,1,60037,Laptop,2,527.46,516,Debit Card,Cancelled,82009557,3,FREESHIP,Referral,1054.92
200392,2024-02-28 00:00:00,2024,2,95100,Phone,1,627.2,197,Online,Delivered,47366265,1,WINTER15,Email,627.2
200393,2024-07-14 00:00:00,2024,7,39906,Printer,1,75.01,921,Credit Card,Returned,24632134,3,No_Coupon,Google,75.01
200394,2023-07-05 00:00:00,2023,7,70148,Desk,5,529.55,359,Gift Card,Shipped,34848650,10,No_Coupon,Facebook,2647.75
200395,2025-04-25 00:00:00,2025,4,30010,Phone,3,127.41,830,Gift Card,Delivered,35386084,7,SAVE10,Referral,382.23
200396,2023-12-01 00:00:00,2023,12,99217,Tablet,5,287.13,778,Online,Shipped,82004594,10,SAVE10,Email,1435.65
200397,2023-09-28 00:00:00,2023,9,30184,Monitor,1,427.06,987,Online,Cancelled,86674704,1,WINTER15,Referral,427.06
200398,2024-09-04 00:00:00,2024,9,50275,Phone,5,53.93,729,Gift Card,Shipped,98925264,7,SAVE10,Instagram,269.65
200399,2024-01-07 00:00:00,2024,1,64641,Tablet,5,423.93,319,Debit Card,Returned,32012588,5,FREESHIP,Facebook,2119.65
200400,2024-09-28 00:00:00,2024,9,56266,Desk,4,160.22,304,Debit Card,Returned,60088901,9,WINTER15,Instagram,640.88
200401,2025-04-09 00:00:00,2025,4,98635,Printer,1,538.68,197,Debit Card,Returned,14225465,6,No_Coupon,Referral,538.68
200402,2023-04-09 00:00:00,2023,4,83026,Printer,5,337.38,858,Gift Card,Shipped,79746259,5,No_Coupon,Referral,1686.9
200403,2024-11-10 00:00:00,2024,11,28893,Tablet,1,620.21,740,Online,Returned,98333066,1,FREESHIP,Referral,620.21
200404,2023-03-09 00:00:00,2023,3,45482,Monitor,2,99.1,440,Cash,Delivered,54571699,6,No_Coupon,Instagram,198.2
200405,2025-01-26 00:00:00,2025,1,97774,Monitor,4,451.97,603,Online,Cancelled,64664424,7,WINTER15,Email,1807.88
200406,2023-12-10 00:00:00,2023,12,11657,Tablet,4,66.1,572,Cash,Returned,50284486,9,WINTER15,Google,264.4
200407,2023-08-13 00:00:00,2023,8,85993,Tablet,4,547.32,250,Cash,Returned,72547640,8,FREESHIP,Instagram,2189.28
200408,2025-01-01 00:00:00,2025,1,11906,Printer,3,412.53,536,Online,Pending,31140158,6,WINTER15,Google,1237.59
200409,2023-06-28 00:00:00,2023,6,45187,Desk,5,84.13,767,Online,Delivered,12320793,9,SAVE10,Google,420.65
200410,2024-01-18 00:00:00,2024,1,37375,Tablet,2,518.23,184,Debit Card,Shipped,52470162,5,No_Coupon,Email,1036.46
200411,2024-06-19 00:00:00,2024,6,66567,Desk,2,39.51,981,Online,Shipped,21174822,5,No_Coupon,Facebook,79.02
200412,2025-04-11 00:00:00,2025,4,42451,Tablet,5,133.01,246,Credit Card,Returned,31313343,10,No_Coupon,Facebook,665.05
200413,2023-10-08 00:00:00,2023,10,13923,Tablet,1,118.8,123,Online,Delivered,87598790,6,SAVE10,Email,118.8
200414,2025-05-04 00:00:00,2025,5,11829,Desk,2,139.57,797,Cash,Delivered,84229257,4,WINTER15,Facebook,279.14
200415,2025-04-06 00:00:00,2025,4,62169,Chair,1,184.15,655,Gift Card,Shipped,64558985,5,FREESHIP,Facebook,184.15
200416,2023-07-18 00:00:00,2023,7,20881,Laptop,2,644.05,652,Gift Card,Cancelled,26263902,5,WINTER15,Referral,1288.1
200417,2023-10-24 00:00:00,2023,10,44492,Laptop,5,55.41,954,Online,Cancelled,51429869,5,No_Coupon,Google,277.05
200418,2023-01-11 00:00:00,2023,1,74169,Printer,1,310.93,862,Online,Cancelled,66144809,3,No_Coupon,Facebook,310.93
200419,2024-04-17 00:00:00,2024,4,70999,Tablet,2,216.66,885,Debit Card,Pending,75644156,6,FREESHIP,Instagram,433.32
200420,2024-11-29 00:00:00,2024,11,11921,Phone,1,452.7,439,Debit Card,Shipped,91362635,5,FREESHIP,Instagram,452.7
200421,2023-10-15 00:00:00,2023,10,50683,Chair,2,288.21,769,Debit Card,Cancelled,53032122,5,No_Coupon,Email,576.42
200422,2023-06-05 00:00:00,2023,6,76140,Phone,4,206.6,914,Gift Card,Returned,25861469,6,WINTER15,Referral,826.4
200423,2024-07-20 00:00:00,2024,7,94311,Printer,4,685.2,195,Gift Card,Cancelled,97308771,6,WINTER15,Google,2740.8
200424,2023-04-12 00:00:00,2023,4,49491,Chair,5,22.94,339,Cash,Pending,64012257,10,No_Coupon,Email,114.7
200425,2023-03-09 00:00:00,2023,3,40648,Laptop,2,301.88,488,Gift Card,Returned,25325993,5,WINTER15,Email,603.76
200426,2025-03-16 00:00:00,2025,3,40967,Monitor,5,57.45,315,Cash,Cancelled,24839296,10,No_Coupon,Facebook,287.25
200427,2024-12-18 00:00:00,2024,12,25406,Desk,1,161.24,379,Credit Card,Pending,70952564,3,WINTER15,Instagram,161.24
200428,2024-11-26 00:00:00,2024,11,77085,Chair,4,262.58,895,Online,Cancelled,57227640,8,WINTER15,Email,1050.32
200429,2024-12-19 00:00:00,2024,12,38126,Printer,4,515.19,522,Credit Card,Pending,90838498,9,SAVE10,Facebook,2060.76
200430,2023-06-07 00:00:00,2023,6,87448,Phone,1,450.07,433,Gift Card,Shipped,44134016,6,FREESHIP,Google,450.07
200431,2024-10-06 00:00:00,2024,10,62312,Printer,1,52.54,651,Debit Card,Cancelled,59623037,6,WINTER15,Facebook,52.54
200432,2023-09-04 00:00:00,2023,9,58443,Tablet,2,424.32,662,Credit Card,Returned,77163738,6,No_Coupon,Referral,848.64
200433,2023-08-26 00:00:00,2023,8,36613,Monitor,3,631.64,785,Credit Card,Returned,13282106,3,FREESHIP,Facebook,1894.92
200434,2023-10-22 00:00:00,2023,10,73893,Printer,5,327.68,384,Credit Card,Returned,85939879,6,No_Coupon,Facebook,1638.4
200435,2023-05-27 00:00:00,2023,5,48601,Printer,1,414.47,101,Debit Card,Returned,97868309,3,FREESHIP,Instagram,414.47
200436,2023-02-11 00:00:00,2023,2,14568,Laptop,4,221.33,651,Online,Pending,73545796,5,No_Coupon,Google,885.32
200437,2024-04-18 00:00:00,2024,4,63378,Phone,1,512.39,955,Online,Delivered,20863705,2,FREESHIP,Instagram,512.39
200438,2025-01-03 00:00:00,2025,1,77800,Tablet,3,459.34,436,Gift Card,Pending,27439574,3,SAVE10,Instagram,1378.02
200439,2024-09-08 00:00:00,2024,9,91155,Tablet,1,146.32,321,Online,Shipped,36260319,4,WINTER15,Facebook,146.32
200440,2024-11-05 00:00:00,2024,11,60215,Desk,4,83.6,978,Debit Card,Pending,31727767,4,SAVE10,Facebook,334.4
200441,2023-12-13 00:00:00,2023,12,52915,Printer,2,328.54,475,Gift Card,Returned,79466982,6,FREESHIP,Email,657.08
200442,2024-05-06 00:00:00,2024,5,72588,Chair,5,314.94,661,Cash,Pending,43410829,8,SAVE10,Instagram,1574.7
200443,2024-05-14 00:00:00,2024,5,61668,Chair,2,69.64,813,Cash,Returned,58970302,6,No_Coupon,Facebook,139.28
200444,2024-06-08 00:00:00,2024,6,79508,Printer,1,135.17,585,Online,Shipped,61882353,6,FREESHIP,Instagram,135.17
200445,2024-03-23 00:00:00,2024,3,94569,Phone,1,487.21,227,Cash,Delivered,31351770,3,SAVE10,Referral,487.21
200446,2023-10-18 00:00:00,2023,10,89592,Laptop,5,509.58,262,Online,Delivered,49442402,6,FREESHIP,Instagram,2547.9
200447,2024-04-07 00:00:00,2024,4,48207,Printer,2,416.81,356,Cash,Returned,45355655,2,No_Coupon,Facebook,833.62
200448,2023-09-04 00:00:00,2023,9,16776,Laptop,2,160,854,Cash,Pending,12860600,4,SAVE10,Instagram,320
200449,2024-08-26 00:00:00,2024,8,91518,Tablet,3,253.05,286,Online,Pending,48688724,3,No_Coupon,Instagram,759.15
200450,2024-01-15 00:00:00,2024,1,36408,Monitor,5,615.1,160,Gift Card,Returned,94023253,10,WINTER15,Instagram,3075.5
200451,2023-04-01 00:00:00,2023,4,14837,Monitor,1,183.18,647,Debit Card,Cancelled,17501136,6,SAVE10,Email,183.18
200452,2023-07-23 00:00:00,2023,7,36467,Printer,1,75.78,581,Cash,Pending,20863987,5,SAVE10,Google,75.78
200453,2025-05-02 00:00:00,2025,5,15017,Tablet,1,675.57,492,Cash,Shipped,51241924,1,WINTER15,Facebook,675.57
200454,2024-11-27 00:00:00,2024,11,54759,Laptop,1,109.29,686,Debit Card,Cancelled,75583042,5,FREESHIP,Google,109.29
200455,2024-03-26 00:00:00,2024,3,58341,Phone,1,639.83,874,Debit Card,Pending,32856728,2,SAVE10,Referral,639.83
200456,2023-06-26 00:00:00,2023,6,94479,Desk,5,62.81,259,Credit Card,Shipped,69089975,9,SAVE10,Facebook,314.05
200457,2025-05-25 00:00:00,2025,5,50236,Desk,4,615.83,545,Online,Returned,67692578,4,WINTER15,Instagram,2463.32
200458,2024-07-02 00:00:00,2024,7,31412,Monitor,4,510.58,196,Credit Card,Returned,61946127,7,WINTER15,Email,2042.32
200459,2024-07-24 00:00:00,2024,7,90142,Desk,1,334.39,433,Credit Card,Returned,39717191,2,No_Coupon,Instagram,334.39
200460,2024-10-06 00:00:00,2024,10,83548,Laptop,1,144.25,474,Cash,Returned,93822942,2,WINTER15,Referral,144.25
200461,2024-06-08 00:00:00,2024,6,29697,Tablet,1,401.82,407,Credit Card,Shipped,47776482,5,FREESHIP,Google,401.82
200462,2025-03-31 00:00:00,2025,3,22991,Phone,1,252.68,731,Online,Cancelled,32796086,1,No_Coupon,Referral,252.68
200463,2023-05-26 00:00:00,2023,5,25276,Laptop,5,662.78,214,Debit Card,Shipped,14011732,9,SAVE10,Instagram,3313.9
200464,2023-03-14 00:00:00,2023,3,39176,Tablet,4,434.42,739,Online,Cancelled,71418686,6,FREESHIP,Google,1737.68
200465,2024-02-26 00:00:00,2024,2,58773,Printer,5,513.49,391,Gift Card,Cancelled,65438300,8,No_Coupon,Google,2567.45
200466,2023-07-18 00:00:00,2023,7,37412,Phone,1,432.47,895,Cash,Delivered,97829604,4,FREESHIP,Referral,432.47
200467,2024-08-30 00:00:00,2024,8,36492,Desk,1,45.94,572,Cash,Cancelled,44350440,2,WINTER15,Email,45.94
200468,2025-06-21 00:00:00,2025,6,90110,Phone,1,418.36,998,Credit Card,Delivered,60203957,5,FREESHIP,Email,418.36
200469,2023-11-26 00:00:00,2023,11,13877,Chair,5,676.98,893,Cash,Cancelled,17254691,5,No_Coupon,Facebook,3384.9
200470,2023-09-29 00:00:00,2023,9,25149,Tablet,4,263.62,672,Cash,Shipped,33538608,5,SAVE10,Email,1054.48
200471,2025-04-19 00:00:00,2025,4,52717,Desk,5,551.27,395,Online,Cancelled,27625571,7,FREESHIP,Referral,2756.35
200472,2023-01-06 00:00:00,2023,1,60029,Chair,3,508.12,796,Credit Card,Cancelled,86461316,8,FREESHIP,Referral,1524.36
200473,2025-02-25 00:00:00,2025,2,28552,Chair,2,14.93,449,Online,Shipped,71597160,4,No_Coupon,Facebook,29.86
200474,2023-11-15 00:00:00,2023,11,72293,Printer,3,229.34,398,Credit Card,Shipped,84378003,6,SAVE10,Referral,688.02
200475,2025-04-19 00:00:00,2025,4,29844,Tablet,2,438.62,363,Cash,Cancelled,91642337,3,SAVE10,Facebook,877.24
200476,2024-01-15 00:00:00,2024,1,77872,Phone,2,513.59,867,Online,Returned,19292184,4,FREESHIP,Referral,1027.18
200477,2025-03-05 00:00:00,2025,3,56564,Phone,2,253.74,481,Online,Shipped,13166044,5,SAVE10,Google,507.48
200478,2024-11-01 00:00:00,2024,11,16758,Tablet,3,62.77,914,Gift Card,Shipped,88544431,6,FREESHIP,Referral,188.31
200479,2023-02-18 00:00:00,2023,2,87011,Monitor,4,25.29,943,Credit Card,Pending,21429162,8,No_Coupon,Google,101.16
200480,2023-06-16 00:00:00,2023,6,21147,Chair,1,335.1,126,Debit Card,Pending,93171043,6,FREESHIP,Referral,335.1
200481,2023-04-23 00:00:00,2023,4,94568,Laptop,4,484.85,317,Debit Card,Delivered,58653915,5,WINTER15,Referral,1939.4
200482,2025-03-02 00:00:00,2025,3,35852,Monitor,3,381.41,989,Online,Pending,22302049,6,No_Coupon,Instagram,1144.23
200483,2023-01-18 00:00:00,2023,1,66462,Phone,5,347.92,982,Cash,Pending,52743700,6,WINTER15,Google,1739.6
200484,2024-05-29 00:00:00,2024,5,29092,Chair,4,15.01,767,Cash,Cancelled,90455340,6,No_Coupon,Facebook,60.04
200485,2023-08-01 00:00:00,2023,8,46651,Chair,3,404.79,764,Cash,Shipped,67679195,6,SAVE10,Instagram,1214.37
200486,2023-02-03 00:00:00,2023,2,88981,Printer,4,611.26,558,Cash,Shipped,75267873,5,SAVE10,Referral,2445.04
200487,2023-03-09 00:00:00,2023,3,40136,Printer,3,346.52,211,Credit Card,Pending,92924852,3,SAVE10,Google,1039.56
200488,2024-12-05 00:00:00,2024,12,81573,Chair,1,36.65,556,Online,Cancelled,96522994,1,WINTER15,Email,36.65
200489,2023-09-05 00:00:00,2023,9,11940,Tablet,3,149.34,589,Gift Card,Cancelled,85466461,7,WINTER15,Email,448.02
200490,2024-07-22 00:00:00,2024,7,50097,Chair,5,467.81,539,Online,Cancelled,62785150,10,No_Coupon,Facebook,2339.05
200491,2023-01-05 00:00:00,2023,1,98168,Phone,5,420.7,481,Cash,Pending,56423359,5,WINTER15,Facebook,2103.5
200492,2023-10-25 00:00:00,2023,10,39074,Laptop,5,606.52,103,Debit Card,Shipped,13027036,6,SAVE10,Instagram,3032.6
200493,2025-01-28 00:00:00,2025,1,84908,Phone,1,420.26,372,Credit Card,Pending,64135970,4,FREESHIP,Facebook,420.26
200494,2023-07-19 00:00:00,2023,7,64516,Laptop,3,505.79,459,Debit Card,Pending,63920573,3,FREESHIP,Referral,1517.37
200495,2025-06-05 00:00:00,2025,6,63827,Phone,4,493.73,947,Debit Card,Pending,35730581,6,SAVE10,Facebook,1974.92
200496,2025-03-14 00:00:00,2025,3,93618,Printer,3,201.21,249,Online,Cancelled,66129326,3,SAVE10,Google,603.63
200497,2024-10-24 00:00:00,2024,10,93948,Printer,3,112.29,454,Gift Card,Shipped,77358113,6,No_Coupon,Google,336.87
200498,2023-07-12 00:00:00,2023,7,73961,Tablet,4,132.56,306,Cash,Returned,32607173,8,WINTER15,Instagram,530.24
200499,2023-04-06 00:00:00,2023,4,18138,Printer,3,539.46,520,Credit Card,Shipped,20289483,4,SAVE10,Facebook,1618.38
200500,2024-04-07 00:00:00,2024,4,79475,Laptop,5,508.59,169,Cash,Returned,42168516,8,WINTER15,Facebook,2542.95
200501,2024-02-04 00:00:00,2024,2,88546,Desk,4,203.46,226,Credit Card,Pending,19867754,7,SAVE10,Referral,813.84
200502,2023-05-20 00:00:00,2023,5,69332,Monitor,3,565.25,745,Debit Card,Returned,65718848,7,SAVE10,Email,1695.75
200503,2023-08-31 00:00:00,2023,8,64554,Tablet,3,136.84,498,Online,Pending,95384568,4,FREESHIP,Facebook,410.52
200504,2025-06-11 00:00:00,2025,6,11676,Monitor,2,464.5,805,Online,Cancelled,35726395,2,WINTER15,Instagram,929
200505,2023-06-11 00:00:00,2023,6,36014,Printer,2,434.97,558,Online,Shipped,97246526,7,No_Coupon,Email,869.94
200506,2023-07-25 00:00:00,2023,7,23279,Monitor,2,43.67,696,Cash,Returned,58039693,4,WINTER15,Instagram,87.34
200507,2023-07-05 00:00:00,2023,7,86481,Phone,1,171.59,546,Credit Card,Pending,87513944,5,WINTER15,Email,171.59
200508,2025-05-14 00:00:00,2025,5,39550,Phone,1,558.27,976,Online,Delivered,24120267,1,No_Coupon,Referral,558.27
200509,2023-02-15 00:00:00,2023,2,68937,Laptop,2,425.03,560,Cash,Returned,31908657,2,WINTER15,Google,850.06
200510,2024-12-16 00:00:00,2024,12,72533,Printer,1,376.76,389,Debit Card,Delivered,51288986,5,SAVE10,Email,376.76
200511,2024-03-15 00:00:00,2024,3,11415,Monitor,5,575.24,267,Cash,Delivered,65061457,7,WINTER15,Email,2876.2
200512,2024-09-27 00:00:00,2024,9,14114,Desk,3,568.02,856,Online,Pending,63290700,3,FREESHIP,Instagram,1704.06
200513,2025-02-09 00:00:00,2025,2,64128,Tablet,3,94.88,533,Gift Card,Shipped,37053575,8,No_Coupon,Referral,284.64
200514,2023-04-16 00:00:00,2023,4,15629,Printer,3,304.15,492,Gift Card,Shipped,64926044,3,WINTER15,Instagram,912.45
200515,2023-03-14 00:00:00,2023,3,67561,Phone,3,553.52,160,Gift Card,Shipped,75900717,4,FREESHIP,Facebook,1660.56
200516,2024-04-07 00:00:00,2024,4,47022,Monitor,3,166.99,208,Cash,Returned,28855040,8,No_Coupon,Facebook,500.97
200517,2024-04-09 00:00:00,2024,4,55205,Tablet,4,198.35,943,Cash,Cancelled,88141634,7,FREESHIP,Google,793.4
200518,2025-06-13 00:00:00,2025,6,30686,Printer,4,403.58,319,Online,Pending,59807273,9,SAVE10,Referral,1614.32
200519,2025-05-10 00:00:00,2025,5,71797,Laptop,4,464.29,941,Debit Card,Returned,66010667,5,SAVE10,Email,1857.16
200520,2023-03-10 00:00:00,2023,3,66332,Monitor,3,635.98,959,Cash,Returned,27063398,5,No_Coupon,Referral,1907.94
200521,2024-02-25 00:00:00,2024,2,82318,Phone,1,528.06,991,Credit Card,Shipped,37534165,2,No_Coupon,Facebook,528.06
200522,2024-04-20 00:00:00,2024,4,66254,Chair,1,515.32,740,Gift Card,Cancelled,82843861,1,FREESHIP,Email,515.32
200523,2025-02-18 00:00:00,2025,2,65083,Desk,4,657.79,652,Credit Card,Returned,60937148,6,WINTER15,Google,2631.16
200524,2023-10-25 00:00:00,2023,10,44778,Phone,1,153,103,Credit Card,Returned,92617366,4,No_Coupon,Referral,153
200525,2023-12-03 00:00:00,2023,12,54499,Monitor,1,668.48,160,Debit Card,Shipped,18061555,1,SAVE10,Email,668.48
200526,2024-02-29 00:00:00,2024,2,91201,Desk,2,46.5,837,Cash,Returned,63526023,7,WINTER15,Google,93
200527,2024-08-19 00:00:00,2024,8,27202,Chair,5,653.47,967,Credit Card,Cancelled,75406128,10,SAVE10,Referral,3267.35
200528,2025-02-26 00:00:00,2025,2,32011,Chair,1,628.89,686,Credit Card,Returned,70997744,2,SAVE10,Referral,628.89
200529,2024-04-07 00:00:00,2024,4,21181,Tablet,2,675.1,938,Cash,Pending,50363421,4,FREESHIP,Google,1350.2
200530,2024-07-18 00:00:00,2024,7,98450,Chair,4,89.41,613,Online,Pending,14809530,9,No_Coupon,Google,357.64
200531,2024-07-02 00:00:00,2024,7,64502,Desk,5,320.01,722,Gift Card,Delivered,14914388,6,No_Coupon,Referral,1600.05
200532,2025-05-03 00:00:00,2025,5,47365,Laptop,2,41,369,Online,Delivered,42207882,7,No_Coupon,Email,82
200533,2023-03-05 00:00:00,2023,3,66349,Desk,1,565.85,715,Gift Card,Returned,63550793,1,FREESHIP,Facebook,565.85
200534,2024-06-06 00:00:00,2024,6,73289,Chair,3,648.59,906,Debit Card,Cancelled,70872738,4,SAVE10,Email,1945.77
200535,2024-07-24 00:00:00,2024,7,48649,Monitor,3,68.12,332,Online,Cancelled,45821445,3,FREESHIP,Email,204.36
200536,2024-06-09 00:00:00,2024,6,18724,Chair,1,616.1,124,Cash,Returned,52508861,6,No_Coupon,Email,616.1
200537,2025-03-23 00:00:00,2025,3,68553,Tablet,3,247.47,385,Online,Delivered,58218971,4,SAVE10,Facebook,742.41
200538,2024-05-24 00:00:00,2024,5,61280,Phone,3,490.74,100,Cash,Shipped,95487711,3,WINTER15,Email,1472.22
200539,2025-02-18 00:00:00,2025,2,53277,Desk,3,531.72,473,Gift Card,Delivered,17653832,7,SAVE10,Google,1595.16
200540,2024-01-29 00:00:00,2024,1,87281,Laptop,5,648.65,852,Online,Pending,81765057,7,No_Coupon,Referral,3243.25
200541,2023-08-07 00:00:00,2023,8,69009,Printer,5,456.06,879,Cash,Pending,61295842,10,No_Coupon,Instagram,2280.3
200542,2023-11-14 00:00:00,2023,11,49726,Tablet,1,17.98,934,Cash,Cancelled,20739460,6,FREESHIP,Email,17.98
200543,2024-03-09 00:00:00,2024,3,37531,Desk,5,269.86,354,Cash,Shipped,93877673,6,WINTER15,Facebook,1349.3
200544,2024-03-10 00:00:00,2024,3,48713,Printer,5,31.96,373,Credit Card,Returned,96334419,5,FREESHIP,Referral,159.8
200545,2023-12-19 00:00:00,2023,12,74138,Monitor,2,98.47,964,Cash,Returned,74091695,3,No_Coupon,Instagram,196.94
200546,2024-03-01 00:00:00,2024,3,82399,Monitor,1,158.68,928,Credit Card,Returned,77177284,6,WINTER15,Instagram,158.68
200547,2023-08-20 00:00:00,2023,8,40427,Phone,1,613.98,411,Online,Delivered,25392280,4,FREESHIP,Facebook,613.98
200548,2024-01-05 00:00:00,2024,1,17103,Printer,3,426.12,922,Online,Delivered,64398650,5,WINTER15,Instagram,1278.36
200549,2025-02-25 00:00:00,2025,2,34266,Monitor,4,629.88,550,Debit Card,Cancelled,56378197,8,WINTER15,Instagram,2519.52
200550,2023-10-29 00:00:00,2023,10,97485,Laptop,4,228.91,573,Cash,Shipped,81794737,4,FREESHIP,Google,915.64
200551,2023-05-18 00:00:00,2023,5,23947,Laptop,1,120.98,353,Debit Card,Delivered,74812710,6,WINTER15,Email,120.98
200552,2023-09-30 00:00:00,2023,9,21665,Chair,4,425.18,560,Online,Returned,29890761,8,WINTER15,Facebook,1700.72
200553,2023-08-23 00:00:00,2023,8,82550,Phone,2,333.83,828,Gift Card,Cancelled,74103758,4,FREESHIP,Referral,667.66
200554,2025-05-30 00:00:00,2025,5,61943,Laptop,2,492.9,610,Cash,Returned,66126496,5,FREESHIP,Instagram,985.8
200555,2023-01-07 00:00:00,2023,1,88933,Tablet,1,92.04,333,Cash,Shipped,89306964,2,No_Coupon,Facebook,92.04
200556,2023-01-28 00:00:00,2023,1,30923,Laptop,1,654.27,932,Gift Card,Pending,82609328,2,SAVE10,Facebook,654.27
200557,2023-06-29 00:00:00,2023,6,56969,Tablet,1,56.2,130,Debit Card,Pending,40719215,1,WINTER15,Facebook,56.2
200558,2024-07-16 00:00:00,2024,7,76766,Phone,4,628.12,485,Online,Delivered,32052962,6,WINTER15,Instagram,2512.48
200559,2024-04-15 00:00:00,2024,4,22981,Desk,3,157.4,454,Debit Card,Cancelled,10115285,7,WINTER15,Email,472.2
200560,2023-01-31 00:00:00,2023,1,33634,Monitor,4,588.85,524,Gift Card,Pending,93168008,7,No_Coupon,Email,2355.4
200561,2023-01-31 00:00:00,2023,1,96822,Printer,2,494.78,198,Online,Shipped,89180077,2,No_Coupon,Google,989.56
200562,2023-10-06 00:00:00,2023,10,76675,Laptop,3,663.93,922,Gift Card,Returned,28043915,6,FREESHIP,Email,1991.79
200563,2023-12-12 00:00:00,2023,12,12039,Laptop,1,132.68,844,Debit Card,Returned,68645763,1,SAVE10,Referral,132.68
200564,2025-04-08 00:00:00,2025,4,93309,Desk,5,364.28,734,Credit Card,Cancelled,99446987,5,WINTER15,Google,1821.4
200565,2023-05-14 00:00:00,2023,5,62042,Tablet,5,307.98,214,Online,Pending,42605492,10,No_Coupon,Facebook,1539.9
200566,2024-04-18 00:00:00,2024,4,83223,Phone,4,162.71,167,Cash,Cancelled,54339083,7,FREESHIP,Email,650.84
200567,2024-09-30 00:00:00,2024,9,92575,Chair,5,492.94,153,Cash,Shipped,53579227,10,FREESHIP,Email,2464.7
200568,2023-03-10 00:00:00,2023,3,29072,Laptop,2,343.99,312,Online,Delivered,72334047,4,No_Coupon,Google,687.98
200569,2025-03-22 00:00:00,2025,3,25783,Desk,5,250.68,672,Cash,Shipped,13289741,8,SAVE10,Instagram,1253.4
200570,2024-12-27 00:00:00,2024,12,63727,Desk,2,362.14,122,Debit Card,Pending,13611021,2,SAVE10,Instagram,724.28
200571,2024-11-23 00:00:00,2024,11,42365,Tablet,1,214.08,867,Gift Card,Returned,39563288,2,WINTER15,Google,214.08
200572,2023-11-11 00:00:00,2023,11,27438,Printer,1,70.32,341,Cash,Returned,69125497,4,WINTER15,Facebook,70.32
200573,2023-01-25 00:00:00,2023,1,13205,Chair,5,421.42,522,Debit Card,Cancelled,30686578,7,No_Coupon,Instagram,2107.1
200574,2024-01-24 00:00:00,2024,1,29685,Chair,5,384.69,275,Credit Card,Pending,97733212,6,FREESHIP,Email,1923.45
200575,2023-06-07 00:00:00,2023,6,74005,Chair,5,448.15,528,Gift Card,Returned,61640534,7,SAVE10,Google,2240.75
200576,2024-05-29 00:00:00,2024,5,14457,Laptop,5,79.08,747,Cash,Pending,42517811,8,No_Coupon,Facebook,395.4
200577,2023-01-22 00:00:00,2023,1,77046,Tablet,4,185.41,967,Online,Returned,44401497,9,WINTER15,Google,741.64
200578,2024-10-10 00:00:00,2024,10,50415,Monitor,5,566.07,587,Credit Card,Delivered,41345634,6,SAVE10,Instagram,2830.35
200579,2023-06-04 00:00:00,2023,6,73999,Tablet,2,187.88,413,Online,Shipped,67919507,4,WINTER15,Facebook,375.76
200580,2023-11-14 00:00:00,2023,11,71076,Monitor,2,255.99,340,Credit Card,Delivered,65148292,4,SAVE10,Instagram,511.98
200581,2024-11-11 00:00:00,2024,11,44674,Laptop,1,627.34,942,Online,Delivered,87158684,1,No_Coupon,Referral,627.34
200582,2024-02-19 00:00:00,2024,2,15228,Tablet,3,474.14,558,Gift Card,Shipped,33860620,8,WINTER15,Google,1422.42
200583,2025-06-15 00:00:00,2025,6,27072,Chair,3,154.37,996,Gift Card,Delivered,29750379,4,No_Coupon,Instagram,463.11
200584,2025-03-21 00:00:00,2025,3,15257,Chair,4,145.05,626,Online,Delivered,28779938,6,SAVE10,Google,580.2
200585,2023-08-20 00:00:00,2023,8,91486,Tablet,4,67.08,907,Cash,Returned,79617136,8,WINTER15,Google,268.32
200586,2024-11-10 00:00:00,2024,11,17389,Monitor,1,522.08,905,Gift Card,Returned,98857880,5,FREESHIP,Referral,522.08
200587,2023-06-12 00:00:00,2023,6,18820,Monitor,5,514.6,347,Gift Card,Delivered,91547425,10,FREESHIP,Instagram,2573
200588,2024-12-10 00:00:00,2024,12,61849,Monitor,4,577.82,811,Credit Card,Delivered,47613918,9,No_Coupon,Google,2311.28
200589,2025-02-10 00:00:00,2025,2,84041,Laptop,2,500.8,900,Cash,Delivered,84920444,3,FREESHIP,Referral,1001.6
200590,2023-09-10 00:00:00,2023,9,55757,Printer,2,461.13,175,Gift Card,Returned,27356242,4,No_Coupon,Email,922.26
200591,2024-11-18 00:00:00,2024,11,18187,Laptop,1,605.28,470,Gift Card,Shipped,50528185,3,FREESHIP,Referral,605.28
200592,2024-04-23 00:00:00,2024,4,42306,Phone,3,204.27,938,Online,Returned,15499648,4,No_Coupon,Google,612.81
200593,2023-08-02 00:00:00,2023,8,51024,Monitor,1,489.8,636,Gift Card,Shipped,31375086,4,FREESHIP,Facebook,489.8
200594,2024-02-21 00:00:00,2024,2,40140,Phone,5,72.64,598,Credit Card,Cancelled,12671989,7,No_Coupon,Email,363.2
200595,2025-01-10 00:00:00,2025,1,72596,Printer,2,385.16,491,Online,Pending,83870446,7,SAVE10,Email,770.32
200596,2023-06-12 00:00:00,2023,6,91805,Desk,3,606.41,653,Debit Card,Returned,34504030,7,FREESHIP,Facebook,1819.23
200597,2024-11-25 00:00:00,2024,11,40538,Desk,2,211.82,700,Gift Card,Cancelled,29821356,4,WINTER15,Email,423.64
200598,2024-04-26 00:00:00,2024,4,60329,Desk,5,495.35,826,Credit Card,Pending,59069987,5,No_Coupon,Facebook,2476.75
200599,2023-06-30 00:00:00,2023,6,28740,Chair,3,556.99,123,Online,Cancelled,33642221,4,FREESHIP,Facebook,1670.97
200600,2023-05-26 00:00:00,2023,5,87051,Printer,1,72.31,460,Gift Card,Cancelled,82056333,1,FREESHIP,Facebook,72.31
200601,2023-10-02 00:00:00,2023,10,12479,Monitor,5,24.82,529,Credit Card,Shipped,73935314,10,No_Coupon,Referral,124.1
200602,2024-03-05 00:00:00,2024,3,35852,Tablet,4,26.04,982,Online,Pending,64660134,5,SAVE10,Instagram,104.16
200603,2024-10-04 00:00:00,2024,10,26223,Tablet,1,657.07,800,Cash,Pending,50900547,4,SAVE10,Google,657.07
200604,2025-06-22 00:00:00,2025,6,99214,Chair,3,32.62,252,Debit Card,Delivered,81368481,6,No_Coupon,Facebook,97.86
200605,2024-05-10 00:00:00,2024,5,49605,Monitor,2,228.91,892,Debit Card,Shipped,95620066,4,SAVE10,Referral,457.82
200606,2024-11-06 00:00:00,2024,11,85018,Laptop,3,274.75,783,Cash,Cancelled,54128886,3,SAVE10,Google,824.25
200607,2025-05-31 00:00:00,2025,5,96434,Printer,4,634.05,282,Cash,Shipped,56730647,6,SAVE10,Google,2536.2
200608,2024-07-24 00:00:00,2024,7,32956,Laptop,5,543.16,788,Online,Cancelled,73140103,6,SAVE10,Instagram,2715.8
200609,2025-01-27 00:00:00,2025,1,41137,Chair,3,449.13,809,Cash,Returned,52732162,5,WINTER15,Referral,1347.39
200610,2024-06-16 00:00:00,2024,6,60361,Desk,5,389.62,623,Cash,Returned,83566924,7,FREESHIP,Facebook,1948.1
200611,2023-04-21 00:00:00,2023,4,36688,Desk,1,305.17,700,Gift Card,Returned,35720426,3,WINTER15,Referral,305.17
200612,2023-06-02 00:00:00,2023,6,51811,Chair,3,445.12,339,Gift Card,Cancelled,82377939,8,No_Coupon,Google,1335.36
200613,2024-12-19 00:00:00,2024,12,62405,Laptop,2,230.36,154,Online,Returned,14721763,4,WINTER15,Email,460.72
200614,2024-03-08 00:00:00,2024,3,77363,Phone,1,96.81,807,Gift Card,Cancelled,12439827,3,No_Coupon,Referral,96.81
200615,2025-03-07 00:00:00,2025,3,97218,Monitor,5,460.14,252,Credit Card,Returned,52632065,10,WINTER15,Facebook,2300.7
200616,2024-10-17 00:00:00,2024,10,43919,Tablet,3,601.6,984,Credit Card,Cancelled,73113192,7,SAVE10,Facebook,1804.8
200617,2024-02-08 00:00:00,2024,2,57093,Tablet,3,184.47,834,Online,Cancelled,75469057,4,No_Coupon,Referral,553.41
200618,2024-09-03 00:00:00,2024,9,50565,Tablet,1,411.34,399,Debit Card,Returned,97981418,5,No_Coupon,Instagram,411.34
200619,2024-07-16 00:00:00,2024,7,38845,Laptop,1,532.89,764,Gift Card,Pending,47637374,2,No_Coupon,Referral,532.89
200620,2024-03-27 00:00:00,2024,3,84834,Tablet,3,136.34,866,Debit Card,Returned,90136001,8,SAVE10,Referral,409.02
200621,2023-10-22 00:00:00,2023,10,37455,Phone,5,476.01,146,Credit Card,Delivered,82685594,7,WINTER15,Google,2380.05
200622,2024-11-02 00:00:00,2024,11,27078,Desk,5,236.38,128,Credit Card,Returned,89314307,7,No_Coupon,Facebook,1181.9
200623,2023-06-16 00:00:00,2023,6,91941,Printer,3,396,269,Gift Card,Cancelled,21330732,4,FREESHIP,Instagram,1188
200624,2024-01-16 00:00:00,2024,1,25967,Tablet,5,341.96,747,Debit Card,Delivered,88559278,6,No_Coupon,Email,1709.8
200625,2023-09-24 00:00:00,2023,9,22123,Tablet,1,672.89,519,Credit Card,Pending,43250279,1,WINTER15,Email,672.89
200626,2024-03-01 00:00:00,2024,3,45671,Tablet,2,657.48,769,Online,Shipped,18179773,5,SAVE10,Referral,1314.96
200627,2023-08-06 00:00:00,2023,8,53334,Chair,3,498.68,879,Online,Returned,31724421,4,FREESHIP,Email,1496.04
200628,2023-03-26 00:00:00,2023,3,18717,Printer,5,558.63,861,Cash,Pending,58568806,8,FREESHIP,Referral,2793.15
200629,2023-07-07 00:00:00,2023,7,50137,Phone,3,19.73,840,Online,Pending,91836131,3,No_Coupon,Referral,59.19
200630,2023-06-23 00:00:00,2023,6,51481,Monitor,5,248.84,140,Debit Card,Cancelled,33437701,10,No_Coupon,Instagram,1244.2
200631,2024-08-31 00:00:00,2024,8,99128,Chair,3,46.11,360,Gift Card,Returned,32426808,5,WINTER15,Referral,138.33
200632,2023-05-02 00:00:00,2023,5,67260,Laptop,5,678.16,463,Gift Card,Delivered,38229104,7,WINTER15,Facebook,3390.8
200633,2024-04-10 00:00:00,2024,4,79533,Laptop,5,601.72,921,Gift Card,Cancelled,54711422,5,WINTER15,Instagram,3008.6
200634,2024-04-25 00:00:00,2024,4,66906,Printer,2,259.32,117,Gift Card,Delivered,31633755,2,WINTER15,Referral,518.64
200635,2023-12-13 00:00:00,2023,12,12818,Chair,3,63.68,434,Cash,Returned,40879983,6,No_Coupon,Facebook,191.04
200636,2023-10-05 00:00:00,2023,10,60384,Laptop,4,371.07,336,Cash,Cancelled,92080037,7,WINTER15,Facebook,1484.28
200637,2024-09-29 00:00:00,2024,9,92294,Chair,4,306.35,784,Gift Card,Shipped,23585765,7,WINTER15,Referral,1225.4
200638,2023-10-15 00:00:00,2023,10,66840,Tablet,4,578.27,547,Online,Delivered,76929637,9,WINTER15,Email,2313.08
200639,2023-01-20 00:00:00,2023,1,22534,Chair,1,529.19,391,Cash,Cancelled,17415798,5,No_Coupon,Referral,529.19
200640,2024-02-27 00:00:00,2024,2,46509,Chair,2,587.49,647,Gift Card,Returned,24241664,6,SAVE10,Referral,1174.98
200641,2024-06-30 00:00:00,2024,6,71680,Printer,4,567.57,814,Debit Card,Pending,47386650,9,WINTER15,Google,2270.28
200642,2024-04-29 00:00:00,2024,4,15063,Chair,5,85.22,527,Credit Card,Cancelled,10329390,7,FREESHIP,Email,426.1
200643,2024-08-26 00:00:00,2024,8,77122,Laptop,1,438.37,647,Cash,Cancelled,75814880,4,SAVE10,Referral,438.37
200644,2023-11-15 00:00:00,2023,11,86524,Chair,2,366.23,961,Cash,Shipped,62490506,2,WINTER15,Email,732.46
200645,2023-01-02 00:00:00,2023,1,82990,Laptop,2,150.05,727,Credit Card,Cancelled,68574801,4,SAVE10,Facebook,300.1
200646,2023-10-27 00:00:00,2023,10,98761,Chair,4,498.51,804,Debit Card,Shipped,43262630,4,SAVE10,Google,1994.04
200647,2025-04-24 00:00:00,2025,4,54409,Desk,3,339.39,667,Cash,Returned,67671316,7,FREESHIP,Google,1018.17
200648,2025-01-18 00:00:00,2025,1,89674,Monitor,2,575.83,182,Online,Delivered,45902512,3,WINTER15,Referral,1151.66
200649,2023-12-23 00:00:00,2023,12,45899,Monitor,2,642.98,153,Debit Card,Returned,32932093,7,FREESHIP,Email,1285.96
200650,2023-05-18 00:00:00,2023,5,74499,Desk,2,372.23,518,Gift Card,Delivered,93767278,7,SAVE10,Email,744.46
200651,2024-11-12 00:00:00,2024,11,81192,Chair,3,646.34,429,Debit Card,Pending,76931118,5,No_Coupon,Google,1939.02
200652,2024-06-05 00:00:00,2024,6,71473,Chair,5,341.84,328,Online,Shipped,94857335,8,FREESHIP,Instagram,1709.2
200653,2024-02-25 00:00:00,2024,2,59338,Printer,3,690.3,747,Credit Card,Shipped,12902764,6,WINTER15,Google,2070.9
200654,2023-06-12 00:00:00,2023,6,62661,Tablet,3,382.37,863,Debit Card,Returned,25748100,8,No_Coupon,Instagram,1147.11
200655,2023-03-14 00:00:00,2023,3,22101,Chair,2,132.6,262,Debit Card,Cancelled,70711522,4,WINTER15,Email,265.2
200656,2024-01-18 00:00:00,2024,1,51404,Monitor,2,189.06,835,Gift Card,Shipped,85682500,7,SAVE10,Facebook,378.12
200657,2023-12-24 00:00:00,2023,12,19384,Tablet,4,87.79,532,Cash,Cancelled,33207064,6,FREESHIP,Instagram,351.16
200658,2025-04-18 00:00:00,2025,4,86864,Printer,2,46.36,670,Gift Card,Returned,15323191,4,SAVE10,Google,92.72
200659,2024-10-26 00:00:00,2024,10,24301,Phone,2,642.04,964,Gift Card,Delivered,55000075,4,WINTER15,Email,1284.08
200660,2024-10-19 00:00:00,2024,10,43842,Chair,2,651.57,933,Debit Card,Shipped,54084424,7,WINTER15,Facebook,1303.14
200661,2025-02-28 00:00:00,2025,2,63657,Tablet,3,424.89,116,Debit Card,Cancelled,86378984,6,FREESHIP,Google,1274.67
200662,2023-01-28 00:00:00,2023,1,98332,Laptop,3,438.89,985,Cash,Returned,85744797,3,No_Coupon,Facebook,1316.67
200663,2024-04-15 00:00:00,2024,4,59774,Monitor,1,72.6,941,Debit Card,Cancelled,87635135,6,FREESHIP,Instagram,72.6
200664,2024-12-19 00:00:00,2024,12,14847,Laptop,4,194.75,188,Cash,Shipped,46492755,5,No_Coupon,Facebook,779
200665,2023-05-02 00:00:00,2023,5,83653,Tablet,4,231.26,253,Online,Shipped,32619935,6,WINTER15,Google,925.04
200666,2024-08-31 00:00:00,2024,8,35711,Monitor,4,327.12,788,Credit Card,Cancelled,45281495,4,No_Coupon,Email,1308.48
200667,2023-05-03 00:00:00,2023,5,10477,Laptop,1,466.42,172,Gift Card,Pending,41505339,5,SAVE10,Email,466.42
200668,2024-07-05 00:00:00,2024,7,61257,Monitor,2,253.67,981,Cash,Returned,25226070,3,WINTER15,Facebook,507.34
200669,2023-02-05 00:00:00,2023,2,60547,Desk,1,257,812,Debit Card,Cancelled,65694249,5,No_Coupon,Referral,257
200670,2024-04-18 00:00:00,2024,4,14576,Desk,4,539.2,747,Credit Card,Pending,21637540,8,FREESHIP,Google,2156.8
200671,2023-06-15 00:00:00,2023,6,49282,Chair,5,50.74,737,Gift Card,Cancelled,88653901,7,WINTER15,Google,253.7
200672,2023-05-09 00:00:00,2023,5,14017,Phone,2,624.16,984,Debit Card,Shipped,71009446,2,SAVE10,Instagram,1248.32
200673,2023-02-21 00:00:00,2023,2,46504,Tablet,2,372.92,131,Credit Card,Delivered,95024356,7,SAVE10,Email,745.84
200674,2024-01-09 00:00:00,2024,1,56928,Laptop,4,358.75,860,Gift Card,Delivered,57792939,9,SAVE10,Facebook,1435
200675,2024-08-06 00:00:00,2024,8,97749,Desk,3,342.02,906,Debit Card,Pending,90233116,5,No_Coupon,Email,1026.06
200676,2025-06-23 00:00:00,2025,6,90431,Laptop,2,422.34,985,Credit Card,Cancelled,44151723,4,FREESHIP,Instagram,844.68
200677,2025-04-03 00:00:00,2025,4,56722,Tablet,5,22.07,179,Online,Cancelled,78778569,7,FREESHIP,Instagram,110.35
200678,2024-11-24 00:00:00,2024,11,40863,Chair,3,163.13,457,Gift Card,Shipped,20553345,5,WINTER15,Facebook,489.39
200679,2023-02-02 00:00:00,2023,2,40798,Tablet,3,360.66,304,Online,Returned,66106697,5,FREESHIP,Instagram,1081.98
200680,2023-08-27 00:00:00,2023,8,16702,Monitor,3,463.39,694,Credit Card,Returned,16953491,3,No_Coupon,Facebook,1390.17
200681,2024-01-30 00:00:00,2024,1,38262,Tablet,1,155.27,548,Debit Card,Shipped,47300502,6,No_Coupon,Email,155.27
200682,2023-07-23 00:00:00,2023,7,50274,Monitor,3,509.42,449,Credit Card,Cancelled,91729086,5,FREESHIP,Google,1528.26
200683,2025-05-18 00:00:00,2025,5,91591,Desk,4,652.48,887,Cash,Pending,23554043,5,FREESHIP,Instagram,2609.92
200684,2024-09-22 00:00:00,2024,9,96583,Printer,4,34.84,288,Credit Card,Shipped,64353241,8,No_Coupon,Email,139.36
200685,2025-02-07 00:00:00,2025,2,64579,Desk,1,234.37,638,Debit Card,Shipped,10276565,5,FREESHIP,Email,234.37
200686,2023-10-09 00:00:00,2023,10,41903,Desk,3,53.6,525,Cash,Pending,59112382,4,WINTER15,Facebook,160.8
200687,2023-09-13 00:00:00,2023,9,19742,Tablet,1,332.09,408,Gift Card,Returned,68845230,5,FREESHIP,Instagram,332.09
200688,2024-03-06 00:00:00,2024,3,20077,Monitor,4,593.22,154,Credit Card,Cancelled,36415742,8,WINTER15,Facebook,2372.88
200689,2023-08-29 00:00:00,2023,8,13186,Tablet,2,444.84,787,Online,Shipped,56967415,7,No_Coupon,Facebook,889.68
200690,2024-07-12 00:00:00,2024,7,29318,Monitor,1,24.48,128,Gift Card,Returned,88666721,1,No_Coupon,Instagram,24.48
200691,2024-11-24 00:00:00,2024,11,36137,Laptop,3,239.08,396,Cash,Shipped,57376416,8,No_Coupon,Google,717.24
200692,2023-01-23 00:00:00,2023,1,25534,Desk,5,196.84,319,Credit Card,Delivered,68347402,5,WINTER15,Instagram,984.2
200693,2025-03-12 00:00:00,2025,3,62070,Monitor,1,176.58,674,Debit Card,Returned,10267127,4,No_Coupon,Referral,176.58
200694,2023-10-02 00:00:00,2023,10,92049,Printer,4,666.52,619,Cash,Shipped,32287092,8,FREESHIP,Email,2666.08
200695,2024-11-23 00:00:00,2024,11,52604,Printer,5,101.3,553,Online,Shipped,48839788,7,FREESHIP,Email,506.5
200696,2023-07-02 00:00:00,2023,7,22429,Chair,4,151.2,965,Gift Card,Pending,38572927,9,WINTER15,Facebook,604.8
200697,2025-02-04 00:00:00,2025,2,27430,Printer,5,94.85,788,Cash,Shipped,45025840,6,WINTER15,Email,474.25
200698,2023-01-04 00:00:00,2023,1,44366,Laptop,2,388.22,169,Cash,Delivered,48658394,2,WINTER15,Instagram,776.44
200699,2023-11-13 00:00:00,2023,11,36813,Laptop,3,614.15,897,Gift Card,Cancelled,84088900,3,No_Coupon,Facebook,1842.45
200700,2024-09-25 00:00:00,2024,9,40201,Laptop,2,92.91,555,Cash,Returned,30198779,3,WINTER15,Instagram,185.82
200701,2024-06-23 00:00:00,2024,6,75456,Monitor,3,92.22,115,Credit Card,Delivered,90519490,5,FREESHIP,Email,276.66
200702,2024-06-09 00:00:00,2024,6,33315,Printer,3,562.55,154,Debit Card,Returned,43589369,6,No_Coupon,Email,1687.65
200703,2023-03-22 00:00:00,2023,3,89336,Desk,1,92.79,799,Cash,Pending,47665103,3,WINTER15,Email,92.79
200704,2023-06-03 00:00:00,2023,6,96034,Desk,4,30.27,819,Online,Delivered,87261034,9,FREESHIP,Google,121.08
200705,2025-03-30 00:00:00,2025,3,50114,Monitor,2,49.08,420,Debit Card,Returned,20214786,7,FREESHIP,Instagram,98.16
200706,2025-03-02 00:00:00,2025,3,85330,Desk,5,228.09,969,Gift Card,Returned,97693301,9,FREESHIP,Facebook,1140.45
200707,2024-11-01 00:00:00,2024,11,31761,Chair,4,650.04,989,Gift Card,Cancelled,17628852,6,SAVE10,Facebook,2600.16
200708,2025-03-04 00:00:00,2025,3,25268,Printer,1,665.11,788,Cash,Pending,20481215,3,FREESHIP,Instagram,665.11
200709,2024-12-07 00:00:00,2024,12,17132,Desk,1,386.03,855,Online,Pending,37504692,4,FREESHIP,Google,386.03
200710,2024-07-22 00:00:00,2024,7,48790,Laptop,5,21.54,113,Gift Card,Returned,19086608,10,No_Coupon,Google,107.7
200711,2024-07-04 00:00:00,2024,7,61070,Tablet,2,475.78,632,Online,Shipped,90764894,2,WINTER15,Google,951.56
200712,2024-01-09 00:00:00,2024,1,56969,Tablet,2,68.4,993,Gift Card,Pending,10513339,7,FREESHIP,Email,136.8
200713,2025-06-21 00:00:00,2025,6,65056,Tablet,4,532.49,638,Online,Cancelled,31705278,6,SAVE10,Facebook,2129.96
200714,2023-04-21 00:00:00,2023,4,84888,Laptop,1,51.73,278,Debit Card,Pending,23612847,1,FREESHIP,Facebook,51.73
200715,2024-07-26 00:00:00,2024,7,68266,Printer,3,653.63,281,Online,Delivered,96161062,7,FREESHIP,Email,1960.89
200716,2024-06-13 00:00:00,2024,6,84115,Chair,3,454.29,891,Credit Card,Pending,25466842,4,WINTER15,Google,1362.87
200717,2023-10-16 00:00:00,2023,10,50087,Chair,3,122.11,707,Online,Delivered,31143760,4,WINTER15,Email,366.33
200718,2023-04-08 00:00:00,2023,4,16790,Laptop,4,64.74,718,Gift Card,Cancelled,91791367,8,SAVE10,Google,258.96
200719,2024-01-21 00:00:00,2024,1,46920,Laptop,2,681.06,703,Debit Card,Shipped,86403837,3,FREESHIP,Facebook,1362.12
200720,2023-09-21 00:00:00,2023,9,12740,Desk,5,128.95,305,Cash,Pending,98506513,10,FREESHIP,Instagram,644.75
200721,2024-03-18 00:00:00,2024,3,46557,Desk,2,118.59,890,Credit Card,Delivered,56110689,2,No_Coupon,Email,237.18
200722,2024-11-15 00:00:00,2024,11,58156,Printer,1,95.1,516,Gift Card,Pending,49719458,1,WINTER15,Instagram,95.1
200723,2023-12-09 00:00:00,2023,12,14455,Desk,3,54.95,385,Cash,Returned,50933724,8,SAVE10,Referral,164.85
200724,2024-10-18 00:00:00,2024,10,63150,Printer,3,136.97,326,Credit Card,Returned,19348078,4,FREESHIP,Referral,410.91
200725,2023-03-12 00:00:00,2023,3,95269,Chair,2,194.85,372,Gift Card,Returned,45670926,5,No_Coupon,Referral,389.7
200726,2024-10-25 00:00:00,2024,10,18105,Laptop,4,583.02,338,Online,Delivered,94006117,4,FREESHIP,Facebook,2332.08
200727,2024-09-29 00:00:00,2024,9,29063,Chair,5,95.75,379,Online,Shipped,92745947,8,SAVE10,Instagram,478.75
200728,2024-07-29 00:00:00,2024,7,10154,Desk,4,325.76,827,Gift Card,Shipped,79793300,8,WINTER15,Email,1303.04
200729,2023-09-08 00:00:00,2023,9,36997,Phone,4,186.41,819,Gift Card,Pending,92794872,6,SAVE10,Google,745.64
200730,2025-02-22 00:00:00,2025,2,77357,Phone,1,474.6,407,Debit Card,Delivered,91943923,4,SAVE10,Email,474.6
200731,2024-06-07 00:00:00,2024,6,71310,Printer,5,584.46,308,Credit Card,Returned,48292586,8,No_Coupon,Email,2922.3
200732,2025-03-07 00:00:00,2025,3,80987,Laptop,1,132.05,787,Online,Delivered,42187776,2,No_Coupon,Google,132.05
200733,2023-12-04 00:00:00,2023,12,90757,Tablet,4,494.84,694,Cash,Returned,87991608,8,SAVE10,Email,1979.36
200734,2024-01-23 00:00:00,2024,1,51898,Printer,4,224.61,630,Credit Card,Returned,19767885,6,WINTER15,Facebook,898.44
200735,2024-06-28 00:00:00,2024,6,94508,Monitor,4,44.07,359,Debit Card,Pending,13443264,6,No_Coupon,Email,176.28
200736,2024-02-09 00:00:00,2024,2,59441,Monitor,5,418.53,696,Credit Card,Pending,66186874,6,FREESHIP,Google,2092.65
200737,2024-01-03 00:00:00,2024,1,91029,Phone,4,532.87,972,Cash,Pending,25501930,9,FREESHIP,Instagram,2131.48
200738,2025-06-04 00:00:00,2025,6,96261,Phone,2,485.37,264,Credit Card,Shipped,44998396,5,SAVE10,Email,970.74
200739,2024-06-13 00:00:00,2024,6,35123,Phone,4,386.73,513,Cash,Delivered,58979275,4,SAVE10,Facebook,1546.92
200740,2024-07-20 00:00:00,2024,7,10892,Desk,2,377.47,433,Cash,Pending,76154554,7,No_Coupon,Google,754.94
200741,2025-01-23 00:00:00,2025,1,99683,Monitor,5,332.64,945,Gift Card,Delivered,87305883,10,No_Coupon,Referral,1663.2
200742,2024-11-30 00:00:00,2024,11,41974,Laptop,3,699.93,726,Cash,Returned,48051468,7,SAVE10,Google,2099.79
200743,2024-09-30 00:00:00,2024,9,23978,Monitor,1,576.35,549,Gift Card,Returned,87090813,1,WINTER15,Instagram,576.35
200744,2024-06-12 00:00:00,2024,6,10642,Tablet,2,461.37,200,Cash,Delivered,98725693,5,SAVE10,Google,922.74
200745,2023-03-02 00:00:00,2023,3,73813,Printer,4,111.3,364,Debit Card,Pending,89906749,7,FREESHIP,Email,445.2
200746,2025-02-24 00:00:00,2025,2,32183,Desk,3,661.89,551,Online,Cancelled,76287027,6,WINTER15,Referral,1985.67
200747,2025-03-12 00:00:00,2025,3,54277,Tablet,2,259.58,940,Debit Card,Delivered,26500181,7,FREESHIP,Instagram,519.16
200748,2024-07-15 00:00:00,2024,7,56553,Tablet,3,70.81,249,Credit Card,Shipped,37667360,8,FREESHIP,Referral,212.43
200749,2025-04-13 00:00:00,2025,4,17551,Laptop,1,518.39,997,Debit Card,Pending,88797170,4,FREESHIP,Instagram,518.39
200750,2023-01-14 00:00:00,2023,1,14737,Tablet,4,145.41,637,Credit Card,Returned,10295115,7,FREESHIP,Email,581.64
200751,2023-01-24 00:00:00,2023,1,35168,Tablet,2,599.86,455,Gift Card,Pending,76960854,7,FREESHIP,Facebook,1199.72
200752,2024-10-03 00:00:00,2024,10,82217,Phone,4,429.37,299,Credit Card,Delivered,33305694,8,FREESHIP,Google,1717.48
200753,2024-04-24 00:00:00,2024,4,42270,Phone,2,241.49,864,Debit Card,Returned,72697796,7,FREESHIP,Instagram,482.98
200754,2025-05-31 00:00:00,2025,5,48846,Printer,2,452.05,983,Credit Card,Returned,52804097,3,WINTER15,Email,904.1
200755,2023-06-13 00:00:00,2023,6,54160,Desk,3,336.71,658,Credit Card,Pending,60515972,4,No_Coupon,Email,1010.13
200756,2024-06-27 00:00:00,2024,6,14080,Phone,1,283.69,202,Gift Card,Shipped,93163682,6,No_Coupon,Google,283.69
200757,2024-02-22 00:00:00,2024,2,81074,Desk,1,157.72,597,Debit Card,Delivered,91105190,2,FREESHIP,Google,157.72
200758,2023-03-26 00:00:00,2023,3,69021,Tablet,3,624.84,917,Credit Card,Cancelled,57148510,8,WINTER15,Facebook,1874.52
200759,2023-07-24 00:00:00,2023,7,96283,Desk,3,308.01,366,Cash,Pending,91784124,3,FREESHIP,Facebook,924.03
200760,2025-02-18 00:00:00,2025,2,96636,Desk,1,39.56,283,Debit Card,Cancelled,73324346,5,No_Coupon,Google,39.56
200761,2023-06-02 00:00:00,2023,6,37235,Desk,4,37.76,217,Debit Card,Delivered,67789367,7,No_Coupon,Google,151.04
200762,2024-09-17 00:00:00,2024,9,12444,Phone,3,76.96,611,Cash,Returned,97621403,8,FREESHIP,Email,230.88
200763,2023-04-06 00:00:00,2023,4,79142,Laptop,1,569.96,533,Online,Delivered,30915955,4,FREESHIP,Email,569.96
200764,2024-03-10 00:00:00,2024,3,35983,Laptop,5,627.43,806,Credit Card,Cancelled,14016163,10,FREESHIP,Email,3137.15
200765,2023-10-06 00:00:00,2023,10,36150,Laptop,2,534.91,281,Debit Card,Returned,96249043,5,SAVE10,Google,1069.82
200766,2023-01-22 00:00:00,2023,1,91454,Printer,2,278.88,494,Debit Card,Pending,99985340,3,FREESHIP,Referral,557.76
200767,2025-04-18 00:00:00,2025,4,19368,Tablet,2,323.22,517,Credit Card,Delivered,80436037,7,No_Coupon,Instagram,646.44
200768,2023-09-04 00:00:00,2023,9,35987,Tablet,5,653.46,165,Cash,Cancelled,28918815,9,WINTER15,Email,3267.3
200769,2023-07-06 00:00:00,2023,7,13366,Printer,4,678.55,568,Cash,Delivered,98691410,5,No_Coupon,Email,2714.2
200770,2024-02-11 00:00:00,2024,2,72166,Desk,1,314.38,227,Online,Returned,67733444,6,No_Coupon,Google,314.38
200771,2024-06-12 00:00:00,2024,6,20357,Phone,3,692.44,272,Debit Card,Cancelled,82236408,8,FREESHIP,Google,2077.32
200772,2024-07-28 00:00:00,2024,7,33802,Monitor,1,604.87,461,Online,Delivered,25799478,4,No_Coupon,Instagram,604.87
200773,2025-06-28 00:00:00,2025,6,99205,Phone,2,512.33,415,Cash,Cancelled,48904015,7,No_Coupon,Facebook,1024.66
200774,2025-04-15 00:00:00,2025,4,29701,Chair,3,20.54,257,Credit Card,Cancelled,42266846,3,FREESHIP,Instagram,61.62
200775,2023-03-04 00:00:00,2023,3,73941,Phone,2,625.22,569,Online,Cancelled,22051900,5,No_Coupon,Google,1250.44
200776,2023-08-21 00:00:00,2023,8,69168,Tablet,1,21.19,482,Cash,Returned,10446197,5,WINTER15,Google,21.19
200777,2025-03-21 00:00:00,2025,3,66116,Chair,5,64.49,633,Online,Cancelled,41967983,7,No_Coupon,Facebook,322.45
200778,2023-04-28 00:00:00,2023,4,85059,Laptop,4,246.85,316,Credit Card,Shipped,56503740,8,WINTER15,Google,987.4
200779,2023-12-01 00:00:00,2023,12,18076,Phone,3,588.74,751,Debit Card,Pending,26661705,8,FREESHIP,Email,1766.22
200780,2024-03-31 00:00:00,2024,3,41284,Laptop,4,184.48,661,Online,Cancelled,73613128,4,WINTER15,Google,737.92
200781,2024-01-10 00:00:00,2024,1,43524,Phone,5,524.26,934,Gift Card,Delivered,51479426,5,FREESHIP,Referral,2621.3
200782,2024-08-11 00:00:00,2024,8,58063,Monitor,2,493.63,167,Online,Returned,50548869,6,SAVE10,Referral,987.26
200783,2025-05-26 00:00:00,2025,5,19937,Printer,1,438.34,281,Gift Card,Returned,46990083,5,FREESHIP,Facebook,438.34
200784,2025-05-16 00:00:00,2025,5,21191,Laptop,1,325.81,232,Credit Card,Pending,85771230,1,WINTER15,Referral,325.81
200785,2023-07-29 00:00:00,2023,7,45862,Chair,1,176.1,342,Credit Card,Pending,53089983,1,SAVE10,Instagram,176.1
200786,2023-08-23 00:00:00,2023,8,39130,Chair,5,45.31,774,Online,Cancelled,99583414,8,No_Coupon,Referral,226.55
200787,2024-03-17 00:00:00,2024,3,18167,Desk,4,221.96,193,Cash,Delivered,36841089,7,No_Coupon,Google,887.84
200788,2023-11-02 00:00:00,2023,11,47307,Chair,2,601.43,761,Online,Pending,43516112,5,FREESHIP,Instagram,1202.86
200789,2023-08-17 00:00:00,2023,8,57276,Tablet,5,691.28,183,Online,Delivered,75899752,10,SAVE10,Email,3456.4
200790,2024-09-14 00:00:00,2024,9,38928,Laptop,4,417.89,302,Gift Card,Pending,96636009,4,No_Coupon,Google,1671.56
200791,2024-01-13 00:00:00,2024,1,49710,Chair,4,409.28,956,Cash,Pending,92591237,8,No_Coupon,Email,1637.12
200792,2023-06-16 00:00:00,2023,6,41709,Desk,2,356.35,746,Debit Card,Returned,90995294,6,WINTER15,Facebook,712.7
200793,2024-04-15 00:00:00,2024,4,91255,Chair,5,170.22,769,Debit Card,Delivered,69599961,8,No_Coupon,Referral,851.1
200794,2023-03-09 00:00:00,2023,3,76653,Printer,4,384.85,988,Online,Delivered,77052196,9,FREESHIP,Instagram,1539.4
200795,2024-11-20 00:00:00,2024,11,95667,Laptop,4,115.77,586,Online,Pending,41266666,7,SAVE10,Instagram,463.08
200796,2025-04-29 00:00:00,2025,4,33313,Phone,3,579.55,882,Gift Card,Returned,13349970,8,WINTER15,Facebook,1738.65
200797,2023-02-27 00:00:00,2023,2,36825,Laptop,2,438.76,426,Debit Card,Returned,72557318,2,No_Coupon,Facebook,877.52
200798,2025-05-19 00:00:00,2025,5,20861,Phone,5,488.35,968,Debit Card,Returned,89372013,9,FREESHIP,Email,2441.75
200799,2023-04-16 00:00:00,2023,4,26364,Laptop,4,328.56,803,Debit Card,Returned,78924436,4,FREESHIP,Email,1314.24
200800,2025-03-28 00:00:00,2025,3,34686,Tablet,1,68.39,412,Online,Returned,99468332,3,WINTER15,Facebook,68.39
200801,2023-05-03 00:00:00,2023,5,97593,Printer,4,595.62,738,Debit Card,Pending,58443593,8,FREESHIP,Facebook,2382.48
200802,2024-02-17 00:00:00,2024,2,84331,Chair,5,644.64,205,Gift Card,Cancelled,34440714,6,FREESHIP,Email,3223.2
200803,2023-08-20 00:00:00,2023,8,88775,Monitor,5,397.81,223,Debit Card,Returned,45098068,5,SAVE10,Referral,1989.05
200804,2024-01-01 00:00:00,2024,1,76362,Chair,3,236.5,916,Online,Delivered,11868618,8,FREESHIP,Email,709.5
200805,2024-10-15 00:00:00,2024,10,59278,Laptop,5,472.01,178,Gift Card,Cancelled,14590037,10,SAVE10,Email,2360.05
200806,2023-09-01 00:00:00,2023,9,55819,Chair,5,253.75,740,Online,Pending,13775054,9,WINTER15,Instagram,1268.75
200807,2024-11-10 00:00:00,2024,11,82344,Monitor,3,676.21,260,Online,Delivered,70957219,5,SAVE10,Google,2028.63
200808,2024-02-13 00:00:00,2024,2,65565,Desk,3,134.05,192,Credit Card,Shipped,80383756,3,No_Coupon,Google,402.15
200809,2024-04-09 00:00:00,2024,4,80416,Desk,5,217.43,752,Debit Card,Shipped,54385892,10,SAVE10,Instagram,1087.15
200810,2023-05-31 00:00:00,2023,5,23637,Tablet,1,553.56,644,Credit Card,Cancelled,16749863,5,No_Coupon,Referral,553.56
200811,2023-11-05 00:00:00,2023,11,24769,Laptop,2,28.55,864,Gift Card,Shipped,44538305,7,SAVE10,Email,57.1
200812,2024-01-26 00:00:00,2024,1,81547,Phone,2,255.26,803,Credit Card,Cancelled,88437123,6,FREESHIP,Google,510.52
200813,2025-03-15 00:00:00,2025,3,12813,Laptop,5,292.54,263,Debit Card,Cancelled,36131660,8,FREESHIP,Email,1462.7
200814,2024-12-11 00:00:00,2024,12,50732,Chair,4,147.51,979,Debit Card,Pending,21082461,4,WINTER15,Instagram,590.04
200815,2024-08-04 00:00:00,2024,8,41320,Printer,3,569.84,920,Gift Card,Cancelled,77539180,8,WINTER15,Instagram,1709.52
200816,2024-02-21 00:00:00,2024,2,55286,Tablet,5,574.79,497,Credit Card,Pending,39058734,8,WINTER15,Referral,2873.95
200817,2023-10-05 00:00:00,2023,10,87994,Chair,4,598.19,430,Credit Card,Delivered,98883971,7,WINTER15,Email,2392.76
200818,2023-03-02 00:00:00,2023,3,25580,Phone,4,390.84,860,Credit Card,Cancelled,58781638,9,WINTER15,Referral,1563.36
200819,2024-09-28 00:00:00,2024,9,66196,Phone,2,398.45,650,Debit Card,Cancelled,38104650,7,SAVE10,Google,796.9
200820,2023-05-27 00:00:00,2023,5,35377,Phone,5,623.81,171,Cash,Returned,17342157,6,FREESHIP,Email,3119.05
200821,2024-12-14 00:00:00,2024,12,40771,Laptop,4,174.49,259,Credit Card,Delivered,56310345,5,SAVE10,Facebook,697.96
200822,2025-03-15 00:00:00,2025,3,20624,Phone,1,479.56,923,Gift Card,Returned,45123395,1,SAVE10,Google,479.56
200823,2024-10-07 00:00:00,2024,10,27070,Laptop,4,653.13,973,Credit Card,Shipped,83842481,8,WINTER15,Instagram,2612.52
200824,2023-08-29 00:00:00,2023,8,18826,Monitor,3,481.1,664,Credit Card,Returned,12530495,3,FREESHIP,Facebook,1443.3
200825,2025-03-26 00:00:00,2025,3,23899,Desk,5,271.69,543,Online,Returned,88914760,7,FREESHIP,Instagram,1358.45
200826,2025-03-08 00:00:00,2025,3,43249,Printer,3,463.81,283,Online,Returned,32469820,8,WINTER15,Email,1391.43
200827,2023-05-25 00:00:00,2023,5,95856,Tablet,2,639.88,432,Cash,Delivered,58829625,5,WINTER15,Instagram,1279.76
200828,2024-07-24 00:00:00,2024,7,86266,Chair,4,404.58,510,Cash,Shipped,64576020,5,FREESHIP,Instagram,1618.32
200829,2023-02-05 00:00:00,2023,2,39551,Monitor,1,76.93,685,Debit Card,Delivered,68358007,6,WINTER15,Instagram,76.93
200830,2024-12-11 00:00:00,2024,12,90310,Tablet,4,190.64,853,Cash,Delivered,70028457,5,SAVE10,Email,762.56
200831,2023-12-18 00:00:00,2023,12,20124,Printer,2,88.73,140,Online,Pending,61346824,5,No_Coupon,Google,177.46
200832,2024-03-12 00:00:00,2024,3,63372,Chair,5,485.71,903,Online,Pending,14661811,10,SAVE10,Referral,2428.55
200833,2025-03-14 00:00:00,2025,3,90595,Phone,5,78.29,508,Credit Card,Shipped,96573803,5,WINTER15,Referral,391.45
200834,2024-04-11 00:00:00,2024,4,98483,Printer,5,22.14,456,Cash,Returned,22084320,10,No_Coupon,Instagram,110.7
200835,2024-03-26 00:00:00,2024,3,16429,Desk,1,679.65,390,Debit Card,Shipped,73888013,6,FREESHIP,Google,679.65
200836,2023-02-02 00:00:00,2023,2,31810,Phone,1,178.44,328,Credit Card,Cancelled,58725886,2,FREESHIP,Google,178.44
200837,2025-06-14 00:00:00,2025,6,88029,Chair,5,655.55,282,Online,Delivered,59701278,5,No_Coupon,Email,3277.75
200838,2024-04-11 00:00:00,2024,4,57798,Desk,4,577.08,384,Online,Pending,68797566,8,No_Coupon,Facebook,2308.32
200839,2023-08-24 00:00:00,2023,8,82858,Chair,3,197.97,551,Online,Cancelled,90618490,5,No_Coupon,Google,593.91
200840,2024-01-14 00:00:00,2024,1,60699,Chair,3,411.95,672,Credit Card,Delivered,88660574,7,FREESHIP,Referral,1235.85
200841,2024-09-19 00:00:00,2024,9,94658,Printer,2,443.22,742,Credit Card,Delivered,51732528,5,No_Coupon,Facebook,886.44
200842,2025-05-07 00:00:00,2025,5,78305,Laptop,3,364.14,396,Online,Pending,88312618,7,WINTER15,Referral,1092.42
200843,2025-05-13 00:00:00,2025,5,43538,Desk,3,430.06,534,Gift Card,Cancelled,20961563,8,FREESHIP,Instagram,1290.18
200844,2024-12-04 00:00:00,2024,12,47486,Chair,1,320.92,883,Online,Returned,75984759,5,FREESHIP,Facebook,320.92
200845,2023-10-08 00:00:00,2023,10,24212,Phone,3,107.36,808,Gift Card,Delivered,68894675,5,FREESHIP,Google,322.08
200846,2024-07-04 00:00:00,2024,7,24765,Desk,2,359.86,646,Debit Card,Cancelled,43977698,4,No_Coupon,Referral,719.72
200847,2024-11-18 00:00:00,2024,11,48176,Printer,4,434.23,670,Online,Shipped,90560300,8,FREESHIP,Email,1736.92
200848,2023-01-01 00:00:00,2023,1,54675,Chair,2,645.85,634,Online,Shipped,18049633,5,No_Coupon,Referral,1291.7
200849,2025-06-09 00:00:00,2025,6,16675,Printer,4,214.35,664,Debit Card,Cancelled,12756945,7,WINTER15,Referral,857.4
200850,2025-04-27 00:00:00,2025,4,38557,Monitor,3,638.5,890,Debit Card,Cancelled,14832238,4,FREESHIP,Instagram,1915.5
200851,2023-12-12 00:00:00,2023,12,80183,Laptop,1,365.57,146,Online,Cancelled,20814598,5,SAVE10,Email,365.57
200852,2024-10-24 00:00:00,2024,10,39530,Desk,3,568.05,618,Gift Card,Pending,69000497,6,SAVE10,Google,1704.15
200853,2023-10-16 00:00:00,2023,10,10002,Printer,3,490.01,894,Cash,Returned,94641152,4,SAVE10,Facebook,1470.03
200854,2025-06-13 00:00:00,2025,6,56938,Laptop,3,372.6,356,Credit Card,Delivered,67735987,7,WINTER15,Referral,1117.8
200855,2023-05-25 00:00:00,2023,5,41331,Monitor,5,240.61,785,Credit Card,Shipped,94198179,10,FREESHIP,Email,1203.05
200856,2024-06-03 00:00:00,2024,6,94698,Phone,1,586.62,871,Debit Card,Shipped,95768773,5,No_Coupon,Facebook,586.62
200857,2024-03-10 00:00:00,2024,3,56506,Phone,3,257.84,185,Online,Delivered,86808324,4,No_Coupon,Instagram,773.52
200858,2023-08-20 00:00:00,2023,8,22167,Tablet,5,435.66,891,Online,Pending,70269748,9,No_Coupon,Facebook,2178.3
200859,2024-08-28 00:00:00,2024,8,11127,Chair,5,261.33,154,Credit Card,Returned,73285507,5,SAVE10,Referral,1306.65
200860,2024-01-23 00:00:00,2024,1,69542,Printer,1,422.54,876,Cash,Delivered,20746505,1,SAVE10,Google,422.54
200861,2023-03-19 00:00:00,2023,3,93276,Desk,5,330.45,230,Gift Card,Shipped,44165913,10,FREESHIP,Google,1652.25
200862,2023-12-02 00:00:00,2023,12,37969,Desk,3,120.82,799,Credit Card,Shipped,69852386,5,SAVE10,Referral,362.46
200863,2024-05-20 00:00:00,2024,5,98276,Phone,1,14.06,471,Credit Card,Pending,74207282,5,SAVE10,Referral,14.06
200864,2023-05-03 00:00:00,2023,5,14240,Desk,1,491.11,592,Credit Card,Delivered,58095246,4,SAVE10,Facebook,491.11
200865,2023-04-30 00:00:00,2023,4,72241,Monitor,4,677.37,156,Cash,Pending,76270481,8,SAVE10,Google,2709.48
200866,2024-07-26 00:00:00,2024,7,39664,Desk,5,189.25,693,Debit Card,Cancelled,39917741,10,WINTER15,Email,946.25
200867,2024-05-26 00:00:00,2024,5,53252,Printer,4,142.58,351,Cash,Delivered,65831261,4,FREESHIP,Facebook,570.32
200868,2024-06-29 00:00:00,2024,6,70452,Monitor,4,316.32,309,Debit Card,Delivered,42985882,7,No_Coupon,Facebook,1265.28
200869,2024-03-17 00:00:00,2024,3,29905,Desk,2,533.95,790,Online,Delivered,16788127,5,WINTER15,Google,1067.9
200870,2025-06-01 00:00:00,2025,6,78725,Phone,4,470.09,541,Debit Card,Delivered,72001139,4,FREESHIP,Google,1880.36
200871,2024-05-16 00:00:00,2024,5,93768,Tablet,3,324.3,720,Debit Card,Pending,22024707,8,FREESHIP,Email,972.9
200872,2023-07-10 00:00:00,2023,7,59169,Chair,4,629.34,172,Cash,Shipped,90883858,7,No_Coupon,Email,2517.36
200873,2024-05-12 00:00:00,2024,5,53488,Desk,3,136.84,448,Cash,Delivered,27365050,3,SAVE10,Facebook,410.52
200874,2023-10-31 00:00:00,2023,10,92180,Chair,2,488.9,632,Cash,Delivered,93315929,7,FREESHIP,Facebook,977.8
200875,2023-08-03 00:00:00,2023,8,25918,Laptop,5,133.39,203,Credit Card,Delivered,66473392,6,FREESHIP,Referral,666.95
200876,2024-06-09 00:00:00,2024,6,90363,Chair,5,608.91,200,Gift Card,Pending,21534173,6,SAVE10,Google,3044.55
200877,2024-07-25 00:00:00,2024,7,43867,Tablet,1,524.06,269,Debit Card,Pending,97319127,3,FREESHIP,Email,524.06
200878,2023-06-01 00:00:00,2023,6,73873,Desk,2,330.69,393,Online,Cancelled,56423132,5,SAVE10,Google,661.38
200879,2025-04-08 00:00:00,2025,4,56622,Phone,2,547.67,932,Gift Card,Shipped,86373987,3,No_Coupon,Instagram,1095.34
200880,2025-03-12 00:00:00,2025,3,85074,Laptop,4,233.7,506,Online,Shipped,63133878,8,SAVE10,Facebook,934.8
200881,2023-01-03 00:00:00,2023,1,59579,Tablet,2,448.85,386,Credit Card,Pending,48000034,6,No_Coupon,Instagram,897.7
200882,2025-06-28 00:00:00,2025,6,43335,Phone,2,274.12,533,Cash,Delivered,91848650,6,FREESHIP,Referral,548.24
200883,2025-05-13 00:00:00,2025,5,43595,Printer,5,561.48,451,Online,Delivered,25317348,9,FREESHIP,Facebook,2807.4
200884,2024-05-15 00:00:00,2024,5,71471,Chair,1,595.54,817,Gift Card,Shipped,52137079,4,No_Coupon,Instagram,595.54
200885,2024-04-07 00:00:00,2024,4,61090,Laptop,4,515.59,387,Credit Card,Shipped,36388962,7,FREESHIP,Google,2062.36
200886,2023-10-25 00:00:00,2023,10,29620,Phone,1,460.13,792,Credit Card,Returned,22046456,1,No_Coupon,Google,460.13
200887,2024-12-19 00:00:00,2024,12,67932,Chair,3,171.66,857,Debit Card,Delivered,88547534,7,No_Coupon,Google,514.98
200888,2024-07-23 00:00:00,2024,7,14427,Laptop,2,266.95,833,Credit Card,Pending,58024529,3,No_Coupon,Instagram,533.9
200889,2024-10-27 00:00:00,2024,10,36725,Monitor,5,650.72,350,Credit Card,Cancelled,16808790,8,WINTER15,Email,3253.6
200890,2023-08-11 00:00:00,2023,8,51921,Laptop,3,439.53,943,Debit Card,Pending,85741716,5,No_Coupon,Google,1318.59
200891,2023-11-11 00:00:00,2023,11,36534,Monitor,3,654.54,918,Cash,Returned,38952138,7,SAVE10,Referral,1963.62
200892,2024-06-04 00:00:00,2024,6,72043,Desk,1,394.53,480,Cash,Shipped,40896408,2,FREESHIP,Referral,394.53
200893,2023-03-21 00:00:00,2023,3,99533,Monitor,1,678.01,696,Cash,Pending,55701253,4,FREESHIP,Referral,678.01
200894,2023-05-23 00:00:00,2023,5,90852,Tablet,3,575.01,852,Online,Cancelled,37551831,8,WINTER15,Instagram,1725.03
200895,2023-11-09 00:00:00,2023,11,81882,Chair,3,154.64,832,Debit Card,Pending,62371264,6,WINTER15,Facebook,463.92
200896,2024-10-18 00:00:00,2024,10,85466,Desk,3,147.29,102,Gift Card,Shipped,66764177,3,FREESHIP,Google,441.87
200897,2024-09-03 00:00:00,2024,9,87995,Laptop,4,481.48,358,Gift Card,Delivered,38730545,5,SAVE10,Instagram,1925.92
200898,2025-03-05 00:00:00,2025,3,44619,Monitor,3,158.37,742,Cash,Shipped,66662528,6,No_Coupon,Referral,475.11
200899,2025-04-23 00:00:00,2025,4,99904,Printer,2,323.37,552,Online,Pending,83843411,3,SAVE10,Instagram,646.74
200900,2025-02-07 00:00:00,2025,2,52342,Laptop,5,73.83,991,Debit Card,Pending,67342586,9,No_Coupon,Instagram,369.15
200901,2024-04-28 00:00:00,2024,4,44277,Tablet,1,458.63,839,Debit Card,Returned,79321479,4,WINTER15,Referral,458.63
200902,2024-07-13 00:00:00,2024,7,61162,Monitor,4,180.25,813,Debit Card,Cancelled,76712124,7,No_Coupon,Facebook,721
200903,2023-05-17 00:00:00,2023,5,80868,Monitor,3,473.49,205,Credit Card,Pending,56186636,7,No_Coupon,Email,1420.47
200904,2025-02-05 00:00:00,2025,2,16693,Monitor,4,237.43,262,Cash,Cancelled,41146508,8,WINTER15,Referral,949.72
200905,2023-11-23 00:00:00,2023,11,67818,Laptop,1,442.39,101,Gift Card,Pending,81978113,6,FREESHIP,Facebook,442.39
200906,2024-09-03 00:00:00,2024,9,49938,Monitor,1,62.12,141,Cash,Returned,80175572,2,No_Coupon,Email,62.12
200907,2024-08-04 00:00:00,2024,8,90898,Desk,5,298.39,583,Gift Card,Cancelled,52935170,7,WINTER15,Referral,1491.95
200908,2025-05-06 00:00:00,2025,5,35117,Desk,2,697.93,332,Credit Card,Cancelled,27155709,2,SAVE10,Google,1395.86
200909,2024-05-27 00:00:00,2024,5,60203,Tablet,2,291.85,569,Cash,Shipped,76525279,5,FREESHIP,Instagram,583.7
200910,2024-05-31 00:00:00,2024,5,36174,Printer,3,308.98,348,Cash,Delivered,26397548,3,SAVE10,Instagram,926.94
200911,2024-08-13 00:00:00,2024,8,80872,Desk,5,396.86,593,Cash,Cancelled,43967487,9,SAVE10,Instagram,1984.3
200912,2024-01-22 00:00:00,2024,1,67604,Desk,2,139.69,318,Online,Returned,85545920,7,FREESHIP,Email,279.38
200913,2023-02-16 00:00:00,2023,2,45599,Printer,5,475.95,505,Credit Card,Returned,62277685,8,WINTER15,Facebook,2379.75
200914,2025-02-10 00:00:00,2025,2,70352,Desk,1,626.6,955,Gift Card,Returned,51589589,4,WINTER15,Facebook,626.6
200915,2024-02-16 00:00:00,2024,2,20643,Laptop,4,502.99,939,Debit Card,Shipped,30736692,4,WINTER15,Referral,2011.96
200916,2024-06-21 00:00:00,2024,6,35669,Printer,5,578.83,165,Cash,Returned,13928455,6,No_Coupon,Referral,2894.15
200917,2025-01-20 00:00:00,2025,1,65524,Laptop,5,383.82,836,Credit Card,Returned,19315310,7,FREESHIP,Google,1919.1
200918,2025-06-24 00:00:00,2025,6,74359,Laptop,5,368.25,706,Online,Delivered,18250450,5,No_Coupon,Instagram,1841.25
200919,2025-02-07 00:00:00,2025,2,92086,Printer,2,374.6,187,Online,Shipped,23357668,3,FREESHIP,Referral,749.2
200920,2025-03-12 00:00:00,2025,3,26137,Tablet,2,428.09,978,Credit Card,Returned,98110407,6,No_Coupon,Instagram,856.18
200921,2023-07-24 00:00:00,2023,7,90573,Tablet,1,438.93,144,Gift Card,Cancelled,90075720,3,SAVE10,Referral,438.93
200922,2024-06-17 00:00:00,2024,6,81857,Desk,2,563.82,487,Credit Card,Pending,79737732,3,No_Coupon,Instagram,1127.64
200923,2023-02-11 00:00:00,2023,2,91582,Printer,3,649.93,836,Credit Card,Pending,99938245,7,WINTER15,Facebook,1949.79
200924,2025-03-22 00:00:00,2025,3,81319,Printer,5,268.43,991,Cash,Returned,55330558,5,SAVE10,Email,1342.15
200925,2024-12-20 00:00:00,2024,12,78500,Monitor,5,502.47,304,Online,Shipped,97460884,10,WINTER15,Email,2512.35
200926,2024-03-20 00:00:00,2024,3,67533,Desk,1,26.95,672,Cash,Delivered,14566395,1,WINTER15,Email,26.95
200927,2023-02-14 00:00:00,2023,2,35566,Laptop,4,64.69,638,Debit Card,Shipped,10003020,7,WINTER15,Google,258.76
200928,2024-05-09 00:00:00,2024,5,77166,Laptop,3,247.11,821,Debit Card,Returned,18896595,3,WINTER15,Referral,741.33
200929,2024-10-16 00:00:00,2024,10,67936,Tablet,2,536.25,553,Debit Card,Pending,71803414,3,No_Coupon,Email,1072.5
200930,2024-12-16 00:00:00,2024,12,59554,Phone,2,456.04,382,Debit Card,Returned,28182447,4,FREESHIP,Email,912.08
200931,2024-01-01 00:00:00,2024,1,14005,Printer,2,40.23,623,Credit Card,Cancelled,87567926,4,SAVE10,Google,80.46
200932,2023-03-26 00:00:00,2023,3,26118,Laptop,2,72.39,168,Online,Delivered,15334251,7,WINTER15,Instagram,144.78
200933,2023-01-26 00:00:00,2023,1,59685,Monitor,2,394.16,255,Online,Shipped,43718093,2,No_Coupon,Referral,788.32
200934,2025-06-01 00:00:00,2025,6,40304,Laptop,4,119.84,692,Gift Card,Shipped,85790948,8,FREESHIP,Referral,479.36
200935,2023-11-24 00:00:00,2023,11,39593,Phone,3,692.71,398,Credit Card,Delivered,62405253,3,FREESHIP,Instagram,2078.13
200936,2024-01-12 00:00:00,2024,1,50612,Chair,4,56.66,737,Online,Delivered,44140968,4,SAVE10,Instagram,226.64
200937,2024-01-16 00:00:00,2024,1,39791,Chair,2,298.53,536,Debit Card,Cancelled,46221436,5,WINTER15,Email,597.06
200938,2023-07-12 00:00:00,2023,7,39017,Chair,3,331.46,696,Credit Card,Cancelled,91155214,6,WINTER15,Referral,994.38
200939,2025-04-16 00:00:00,2025,4,48510,Laptop,2,521.4,212,Cash,Delivered,53152886,7,SAVE10,Instagram,1042.8
200940,2023-03-27 00:00:00,2023,3,74003,Printer,4,305.32,679,Online,Cancelled,91525779,4,SAVE10,Google,1221.28
200941,2023-07-17 00:00:00,2023,7,91155,Printer,5,111.7,599,Credit Card,Cancelled,82162952,9,FREESHIP,Email,558.5
200942,2023-09-29 00:00:00,2023,9,17591,Tablet,1,479.76,882,Credit Card,Pending,56070470,1,No_Coupon,Email,479.76
200943,2023-12-27 00:00:00,2023,12,43330,Monitor,3,193.49,355,Gift Card,Returned,71594838,6,FREESHIP,Facebook,580.47
200944,2024-12-16 00:00:00,2024,12,32687,Laptop,2,426.22,448,Online,Delivered,98284560,7,WINTER15,Google,852.44
200945,2023-08-20 00:00:00,2023,8,79722,Tablet,5,276.44,619,Gift Card,Shipped,29976438,10,FREESHIP,Referral,1382.2
200946,2024-05-04 00:00:00,2024,5,65021,Phone,2,404.96,546,Cash,Shipped,20626179,4,SAVE10,Email,809.92
200947,2023-09-07 00:00:00,2023,9,85520,Phone,4,465.66,119,Online,Returned,65994177,9,FREESHIP,Email,1862.64
200948,2024-06-21 00:00:00,2024,6,94569,Phone,2,594.07,739,Gift Card,Cancelled,79269291,2,No_Coupon,Google,1188.14
200949,2023-11-09 00:00:00,2023,11,55778,Desk,5,110.38,319,Cash,Pending,93797108,10,No_Coupon,Referral,551.9
200950,2024-05-31 00:00:00,2024,5,19722,Laptop,1,596.24,891,Credit Card,Returned,78094361,4,FREESHIP,Instagram,596.24
200951,2024-07-22 00:00:00,2024,7,74928,Printer,2,306.24,589,Online,Returned,39845914,4,FREESHIP,Email,612.48
200952,2025-02-27 00:00:00,2025,2,49111,Monitor,3,503.39,225,Online,Pending,45303393,5,No_Coupon,Facebook,1510.17
200953,2023-02-06 00:00:00,2023,2,43721,Phone,1,131.61,971,Cash,Shipped,89392104,2,FREESHIP,Facebook,131.61
200954,2024-10-22 00:00:00,2024,10,68609,Chair,3,443.44,240,Gift Card,Shipped,58273778,3,FREESHIP,Google,1330.32
200955,2023-01-23 00:00:00,2023,1,82068,Chair,1,408.13,164,Gift Card,Shipped,25779180,3,WINTER15,Instagram,408.13
200956,2024-04-11 00:00:00,2024,4,21191,Phone,2,160.98,381,Debit Card,Delivered,86246309,3,SAVE10,Referral,321.96
200957,2023-01-12 00:00:00,2023,1,73575,Monitor,5,643.89,851,Cash,Returned,23387612,8,WINTER15,Facebook,3219.45
200958,2023-05-13 00:00:00,2023,5,82685,Desk,3,158.66,537,Gift Card,Delivered,70184320,7,WINTER15,Email,475.98
200959,2024-04-13 00:00:00,2024,4,73996,Tablet,2,143.82,856,Credit Card,Returned,74579570,6,SAVE10,Instagram,287.64
200960,2023-12-11 00:00:00,2023,12,87687,Laptop,3,379.07,312,Gift Card,Pending,60383805,3,WINTER15,Google,1137.21
200961,2024-11-11 00:00:00,2024,11,55464,Phone,1,601.36,532,Online,Shipped,81178598,1,No_Coupon,Facebook,601.36
200962,2024-09-06 00:00:00,2024,9,12459,Phone,2,142.08,838,Gift Card,Delivered,30674085,4,SAVE10,Referral,284.16
200963,2024-03-11 00:00:00,2024,3,88075,Chair,5,530.34,970,Online,Shipped,42832976,9,FREESHIP,Google,2651.7
200964,2023-08-20 00:00:00,2023,8,18583,Phone,5,364.42,778,Credit Card,Cancelled,43084595,10,SAVE10,Referral,1822.1
200965,2025-06-18 00:00:00,2025,6,70412,Laptop,4,578.28,791,Gift Card,Cancelled,22192783,5,FREESHIP,Email,2313.12
200966,2025-05-20 00:00:00,2025,5,58503,Monitor,5,280.52,290,Credit Card,Cancelled,12981657,7,WINTER15,Facebook,1402.6
200967,2025-05-06 00:00:00,2025,5,52879,Tablet,5,638.92,502,Credit Card,Returned,67403284,5,FREESHIP,Google,3194.6
200968,2024-02-08 00:00:00,2024,2,67870,Monitor,4,412.2,664,Credit Card,Shipped,72602178,6,WINTER15,Referral,1648.8
200969,2025-06-05 00:00:00,2025,6,19439,Desk,1,440.34,675,Gift Card,Shipped,25383993,2,WINTER15,Facebook,440.34
200970,2024-09-07 00:00:00,2024,9,72664,Desk,1,627.15,241,Cash,Delivered,86694331,5,SAVE10,Instagram,627.15
200971,2024-05-27 00:00:00,2024,5,32650,Monitor,2,605.26,934,Cash,Cancelled,66648743,4,WINTER15,Referral,1210.52
200972,2024-06-09 00:00:00,2024,6,66438,Laptop,1,90.27,816,Cash,Delivered,32035271,5,SAVE10,Facebook,90.27
200973,2025-06-09 00:00:00,2025,6,70010,Desk,5,230.77,141,Online,Pending,50594008,10,WINTER15,Referral,1153.85
200974,2023-09-27 00:00:00,2023,9,30722,Desk,5,266.78,274,Gift Card,Cancelled,52088168,5,No_Coupon,Email,1333.9
200975,2023-05-18 00:00:00,2023,5,70529,Desk,1,105.92,974,Gift Card,Returned,82165408,6,SAVE10,Email,105.92
200976,2024-04-04 00:00:00,2024,4,18984,Tablet,3,589.3,650,Credit Card,Returned,49298239,6,WINTER15,Referral,1767.9
200977,2023-01-28 00:00:00,2023,1,85841,Chair,4,649.47,608,Cash,Pending,99820544,8,SAVE10,Google,2597.88
200978,2024-06-25 00:00:00,2024,6,41508,Printer,4,107.49,993,Cash,Delivered,61047536,5,No_Coupon,Google,429.96
200979,2023-05-31 00:00:00,2023,5,75018,Monitor,3,669.06,299,Cash,Delivered,51794806,7,SAVE10,Facebook,2007.18
200980,2023-10-14 00:00:00,2023,10,84320,Chair,3,69.65,107,Cash,Delivered,81093218,7,WINTER15,Instagram,208.95
200981,2023-11-26 00:00:00,2023,11,12609,Phone,4,136.83,490,Debit Card,Pending,56379337,8,SAVE10,Email,547.32
200982,2024-09-06 00:00:00,2024,9,64935,Monitor,1,304.11,707,Gift Card,Shipped,42969065,2,SAVE10,Referral,304.11
200983,2024-11-24 00:00:00,2024,11,67528,Monitor,4,296.28,110,Gift Card,Shipped,60865210,5,SAVE10,Email,1185.12
200984,2025-02-28 00:00:00,2025,2,44176,Desk,1,77.64,706,Credit Card,Shipped,68704764,1,FREESHIP,Facebook,77.64
200985,2024-07-20 00:00:00,2024,7,92788,Desk,1,243.71,948,Gift Card,Delivered,83835361,6,SAVE10,Google,243.71
200986,2024-09-07 00:00:00,2024,9,69213,Laptop,4,644.96,533,Credit Card,Pending,67837331,7,FREESHIP,Email,2579.84
200987,2025-06-05 00:00:00,2025,6,67387,Phone,5,283.73,436,Gift Card,Pending,54120003,8,FREESHIP,Instagram,1418.65
200988,2025-02-04 00:00:00,2025,2,90318,Desk,2,629.56,818,Gift Card,Cancelled,52765043,5,WINTER15,Instagram,1259.12
200989,2023-03-23 00:00:00,2023,3,49995,Laptop,4,246.11,559,Credit Card,Pending,33212013,4,SAVE10,Instagram,984.44
200990,2023-11-19 00:00:00,2023,11,52313,Phone,2,418.26,913,Debit Card,Pending,67368559,2,SAVE10,Google,836.52
200991,2024-05-09 00:00:00,2024,5,10211,Desk,5,127.18,598,Debit Card,Cancelled,68938335,10,FREESHIP,Google,635.9
200992,2024-08-27 00:00:00,2024,8,97907,Printer,3,586.21,933,Gift Card,Pending,89637569,4,WINTER15,Referral,1758.63
200993,2024-04-06 00:00:00,2024,4,61384,Monitor,3,267.45,576,Gift Card,Delivered,33323210,5,WINTER15,Instagram,802.35
200994,2024-06-27 00:00:00,2024,6,27613,Tablet,4,615.65,971,Debit Card,Delivered,63701318,9,WINTER15,Google,2462.6
200995,2023-11-18 00:00:00,2023,11,99271,Monitor,2,113.29,959,Cash,Pending,87832736,5,SAVE10,Facebook,226.58
200996,2024-04-28 00:00:00,2024,4,28648,Monitor,4,473.86,101,Debit Card,Delivered,92240846,7,SAVE10,Facebook,1895.44
200997,2023-11-27 00:00:00,2023,11,26210,Laptop,3,444.75,805,Cash,Delivered,40616861,6,SAVE10,Facebook,1334.25
200998,2023-05-19 00:00:00,2023,5,90350,Phone,2,183.67,783,Debit Card,Cancelled,22824230,6,SAVE10,Google,367.34
200999,2023-12-24 00:00:00,2023,12,61957,Printer,1,483.38,652,Cash,Pending,43983841,6,FREESHIP,Google,483.38
201000,2023-06-21 00:00:00,2023,6,90132,Printer,5,260.93,582,Online,Delivered,52664903,9,SAVE10,Email,1304.65
201001,2023-12-08 00:00:00,2023,12,31371,Printer,2,253.68,122,Gift Card,Shipped,19554327,6,No_Coupon,Referral,507.36
201002,2025-06-19 00:00:00,2025,6,83911,Tablet,4,699.88,944,Cash,Pending,33188106,5,WINTER15,Referral,2799.52
201003,2023-01-11 00:00:00,2023,1,84700,Printer,5,319.97,582,Cash,Shipped,14706969,7,SAVE10,Google,1599.85
201004,2025-06-09 00:00:00,2025,6,87529,Chair,4,246.91,296,Online,Pending,15739505,8,SAVE10,Referral,987.64
201005,2023-03-02 00:00:00,2023,3,38065,Printer,3,392.85,426,Credit Card,Returned,11448295,6,No_Coupon,Google,1178.55
201006,2024-05-27 00:00:00,2024,5,27435,Tablet,5,420.98,860,Cash,Delivered,91458233,7,SAVE10,Facebook,2104.9
201007,2024-03-20 00:00:00,2024,3,46651,Monitor,2,73.26,839,Cash,Pending,60444502,4,WINTER15,Facebook,146.52
201008,2023-01-13 00:00:00,2023,1,62557,Monitor,3,410.88,257,Cash,Delivered,12742366,8,FREESHIP,Instagram,1232.64
201009,2023-09-02 00:00:00,2023,9,54494,Tablet,2,176.46,696,Credit Card,Delivered,95958645,2,FREESHIP,Email,352.92
201010,2023-03-31 00:00:00,2023,3,33729,Monitor,3,659.57,533,Credit Card,Cancelled,35649833,6,SAVE10,Email,1978.71
201011,2024-12-03 00:00:00,2024,12,47823,Phone,2,478.36,654,Online,Shipped,22271097,3,No_Coupon,Google,956.72
201012,2024-12-03 00:00:00,2024,12,84570,Printer,4,30.05,301,Online,Returned,12551882,6,No_Coupon,Facebook,120.2
201013,2025-04-26 00:00:00,2025,4,91123,Laptop,4,300.56,842,Cash,Cancelled,49568409,9,FREESHIP,Facebook,1202.24
201014,2024-02-04 00:00:00,2024,2,92548,Tablet,5,226.45,160,Debit Card,Returned,21682892,6,FREESHIP,Email,1132.25
201015,2024-01-26 00:00:00,2024,1,97454,Printer,2,349.4,892,Online,Shipped,73249329,2,SAVE10,Instagram,698.8
201016,2023-12-29 00:00:00,2023,12,20257,Tablet,5,268.78,669,Debit Card,Delivered,62135578,7,WINTER15,Email,1343.9
201017,2024-08-25 00:00:00,2024,8,51694,Chair,2,680.85,953,Gift Card,Delivered,83122112,6,FREESHIP,Referral,1361.7
201018,2023-07-08 00:00:00,2023,7,77499,Laptop,3,182.48,209,Cash,Delivered,20703086,3,No_Coupon,Instagram,547.44
201019,2024-04-06 00:00:00,2024,4,28386,Desk,1,277.09,293,Cash,Returned,32954229,2,SAVE10,Referral,277.09
201020,2024-04-22 00:00:00,2024,4,50211,Tablet,2,26.5,312,Online,Delivered,47787981,3,SAVE10,Instagram,53
201021,2023-10-23 00:00:00,2023,10,74519,Phone,3,315.27,309,Credit Card,Cancelled,97351945,4,SAVE10,Email,945.81
201022,2025-02-24 00:00:00,2025,2,19071,Tablet,3,450.98,396,Credit Card,Shipped,66537096,8,SAVE10,Referral,1352.94
201023,2024-09-23 00:00:00,2024,9,65251,Laptop,5,233.67,291,Cash,Shipped,32059025,10,No_Coupon,Referral,1168.35
201024,2024-01-29 00:00:00,2024,1,90612,Chair,3,367.75,731,Cash,Pending,93022878,7,FREESHIP,Facebook,1103.25
201025,2025-05-17 00:00:00,2025,5,28406,Chair,1,23.53,174,Gift Card,Delivered,98841457,2,FREESHIP,Instagram,23.53
201026,2023-05-01 00:00:00,2023,5,55454,Monitor,1,677.48,807,Online,Delivered,13281370,1,WINTER15,Facebook,677.48
201027,2024-05-21 00:00:00,2024,5,93467,Laptop,4,554.83,983,Cash,Returned,77377373,6,No_Coupon,Google,2219.32
201028,2023-02-17 00:00:00,2023,2,60042,Desk,4,440.31,610,Cash,Cancelled,84651559,6,No_Coupon,Instagram,1761.24
201029,2025-03-01 00:00:00,2025,3,44733,Desk,1,87.06,851,Credit Card,Shipped,41500198,4,FREESHIP,Email,87.06
201030,2023-10-02 00:00:00,2023,10,61773,Phone,4,245.28,176,Credit Card,Delivered,12936357,6,WINTER15,Email,981.12
201031,2023-02-28 00:00:00,2023,2,59183,Phone,5,664.51,136,Debit Card,Pending,18129706,8,SAVE10,Email,3322.55
201032,2023-04-20 00:00:00,2023,4,26188,Chair,1,618.68,990,Online,Delivered,61634201,6,WINTER15,Referral,618.68
201033,2024-12-24 00:00:00,2024,12,20338,Monitor,1,370.85,331,Gift Card,Delivered,30654048,2,FREESHIP,Referral,370.85
201034,2024-06-16 00:00:00,2024,6,84524,Printer,4,517.98,766,Cash,Cancelled,76751888,8,FREESHIP,Facebook,2071.92
201035,2023-11-12 00:00:00,2023,11,70315,Laptop,4,506.11,911,Cash,Cancelled,97732085,5,No_Coupon,Referral,2024.44
201036,2024-05-31 00:00:00,2024,5,98278,Phone,3,413.83,552,Gift Card,Shipped,49684737,8,SAVE10,Facebook,1241.49
201037,2023-12-13 00:00:00,2023,12,32347,Printer,1,249.81,408,Cash,Pending,54073964,1,SAVE10,Google,249.81
201038,2025-03-15 00:00:00,2025,3,77961,Tablet,3,362.53,422,Debit Card,Returned,28969024,5,No_Coupon,Facebook,1087.59
201039,2025-06-28 00:00:00,2025,6,49137,Desk,2,299.23,177,Credit Card,Cancelled,79362428,2,WINTER15,Instagram,598.46
201040,2023-11-15 00:00:00,2023,11,13169,Tablet,1,536.07,932,Debit Card,Delivered,66288666,5,FREESHIP,Google,536.07
201041,2023-02-11 00:00:00,2023,2,21167,Monitor,4,558.9,948,Gift Card,Shipped,97737564,9,WINTER15,Google,2235.6
201042,2024-12-09 00:00:00,2024,12,59724,Tablet,2,409.75,414,Debit Card,Shipped,67878272,2,WINTER15,Facebook,819.5
201043,2025-01-11 00:00:00,2025,1,43965,Tablet,2,179.96,675,Gift Card,Shipped,94346739,5,No_Coupon,Instagram,359.92
201044,2025-06-22 00:00:00,2025,6,63018,Printer,1,38.49,215,Credit Card,Delivered,52335337,4,FREESHIP,Referral,38.49
201045,2024-09-20 00:00:00,2024,9,11893,Laptop,5,316.4,671,Gift Card,Returned,72012758,7,No_Coupon,Email,1582
201046,2024-10-07 00:00:00,2024,10,85421,Tablet,3,547.15,466,Online,Shipped,16524006,4,WINTER15,Instagram,1641.45
201047,2023-06-23 00:00:00,2023,6,81726,Chair,4,540.34,394,Gift Card,Shipped,69872994,6,WINTER15,Referral,2161.36
201048,2024-09-09 00:00:00,2024,9,57601,Monitor,4,73.65,889,Debit Card,Shipped,21153699,9,No_Coupon,Google,294.6
201049,2024-07-18 00:00:00,2024,7,60575,Desk,5,391.86,587,Credit Card,Shipped,44468232,6,No_Coupon,Instagram,1959.3
201050,2023-08-20 00:00:00,2023,8,70659,Laptop,5,69.7,722,Online,Returned,49663597,9,No_Coupon,Instagram,348.5
201051,2025-03-05 00:00:00,2025,3,35043,Monitor,5,26.43,820,Gift Card,Shipped,65097450,5,FREESHIP,Facebook,132.15
201052,2023-09-11 00:00:00,2023,9,12301,Tablet,1,531.74,493,Online,Shipped,25145796,1,WINTER15,Google,531.74
201053,2024-09-15 00:00:00,2024,9,32798,Phone,2,496.62,679,Online,Pending,37375451,2,SAVE10,Instagram,993.24
201054,2023-11-29 00:00:00,2023,11,42949,Printer,1,660.66,447,Debit Card,Delivered,46415143,3,WINTER15,Instagram,660.66
201055,2023-10-23 00:00:00,2023,10,10787,Monitor,4,274.82,932,Debit Card,Delivered,91512567,9,WINTER15,Email,1099.28
201056,2024-06-14 00:00:00,2024,6,26152,Phone,2,486.35,790,Online,Pending,49382455,6,SAVE10,Referral,972.7
201057,2024-09-24 00:00:00,2024,9,46210,Laptop,3,428.88,535,Debit Card,Shipped,81611937,3,WINTER15,Facebook,1286.64
201058,2023-09-08 00:00:00,2023,9,32943,Desk,2,412.14,127,Credit Card,Returned,26949106,2,FREESHIP,Instagram,824.28
201059,2024-09-22 00:00:00,2024,9,73629,Desk,1,265.64,601,Credit Card,Returned,11492924,3,WINTER15,Instagram,265.64
201060,2024-05-07 00:00:00,2024,5,38024,Tablet,2,273.43,824,Cash,Shipped,93370912,7,WINTER15,Referral,546.86
201061,2025-01-29 00:00:00,2025,1,25445,Laptop,5,131.7,830,Cash,Shipped,12402431,8,FREESHIP,Google,658.5
201062,2023-08-23 00:00:00,2023,8,13501,Chair,5,85.52,301,Gift Card,Cancelled,65149372,5,No_Coupon,Facebook,427.6
201063,2024-06-19 00:00:00,2024,6,42108,Desk,2,320.68,336,Credit Card,Shipped,58407918,5,FREESHIP,Referral,641.36
201064,2025-02-12 00:00:00,2025,2,32121,Laptop,4,198.81,654,Cash,Returned,96074264,9,FREESHIP,Referral,795.24
201065,2023-10-30 00:00:00,2023,10,47778,Printer,5,666.8,488,Debit Card,Delivered,79504329,7,SAVE10,Referral,3334
201066,2023-12-20 00:00:00,2023,12,10791,Desk,1,355.09,674,Debit Card,Cancelled,20321248,5,SAVE10,Instagram,355.09
201067,2023-06-06 00:00:00,2023,6,78959,Phone,2,316.2,384,Online,Returned,37426359,2,No_Coupon,Instagram,632.4
201068,2024-08-03 00:00:00,2024,8,29914,Laptop,1,133.39,469,Debit Card,Shipped,22073506,2,SAVE10,Referral,133.39
201069,2023-02-25 00:00:00,2023,2,70506,Monitor,1,454.23,255,Gift Card,Returned,12518384,3,No_Coupon,Facebook,454.23
201070,2024-09-06 00:00:00,2024,9,46873,Desk,4,491.29,496,Debit Card,Pending,10926575,6,No_Coupon,Email,1965.16
201071,2025-06-24 00:00:00,2025,6,94037,Phone,2,255.14,216,Cash,Shipped,47536985,2,No_Coupon,Google,510.28
201072,2023-02-26 00:00:00,2023,2,88644,Monitor,1,392.61,977,Gift Card,Cancelled,14900878,4,SAVE10,Referral,392.61
201073,2024-10-11 00:00:00,2024,10,69471,Tablet,4,362.06,294,Debit Card,Returned,11107152,4,No_Coupon,Facebook,1448.24
201074,2024-05-10 00:00:00,2024,5,21437,Phone,1,222.73,120,Online,Returned,81624772,4,No_Coupon,Google,222.73
201075,2024-08-31 00:00:00,2024,8,40949,Monitor,2,552.63,609,Debit Card,Delivered,43066749,7,WINTER15,Instagram,1105.26
201076,2023-05-08 00:00:00,2023,5,99116,Laptop,4,686.61,176,Cash,Shipped,52711973,6,No_Coupon,Referral,2746.44
201077,2025-03-07 00:00:00,2025,3,57861,Printer,3,305.16,115,Credit Card,Cancelled,47775217,8,SAVE10,Referral,915.48
201078,2023-03-18 00:00:00,2023,3,62627,Desk,1,41.09,881,Online,Returned,90060232,4,WINTER15,Email,41.09
201079,2024-06-20 00:00:00,2024,6,89979,Phone,5,634,144,Gift Card,Delivered,99055909,8,No_Coupon,Email,3170
201080,2023-01-20 00:00:00,2023,1,70613,Laptop,5,464.74,438,Gift Card,Delivered,33140293,7,No_Coupon,Referral,2323.7
201081,2023-04-21 00:00:00,2023,4,55636,Monitor,4,425.6,494,Credit Card,Pending,85897054,5,FREESHIP,Google,1702.4
201082,2023-10-06 00:00:00,2023,10,96595,Chair,3,573.22,177,Debit Card,Pending,59779174,5,SAVE10,Email,1719.66
201083,2024-07-09 00:00:00,2024,7,68508,Chair,1,123.28,895,Credit Card,Delivered,98960285,3,SAVE10,Email,123.28
201084,2023-01-08 00:00:00,2023,1,45175,Phone,1,70.82,128,Gift Card,Pending,41792296,1,WINTER15,Instagram,70.82
201085,2023-05-21 00:00:00,2023,5,28049,Printer,2,646.69,404,Debit Card,Shipped,91426444,7,WINTER15,Instagram,1293.38
201086,2023-12-23 00:00:00,2023,12,46967,Tablet,2,513.42,401,Online,Pending,91439791,5,WINTER15,Instagram,1026.84
201087,2025-03-23 00:00:00,2025,3,84134,Laptop,4,693.07,530,Online,Shipped,48659380,8,SAVE10,Instagram,2772.28
201088,2023-11-30 00:00:00,2023,11,49831,Desk,3,491.43,213,Gift Card,Shipped,21232601,6,WINTER15,Instagram,1474.29
201089,2025-03-15 00:00:00,2025,3,13324,Tablet,2,599.74,440,Gift Card,Shipped,66967997,2,No_Coupon,Instagram,1199.48
201090,2023-02-25 00:00:00,2023,2,61225,Monitor,2,650.25,996,Gift Card,Returned,37022954,6,No_Coupon,Instagram,1300.5
201091,2024-10-08 00:00:00,2024,10,16400,Laptop,3,209.48,123,Debit Card,Pending,57771859,4,No_Coupon,Email,628.44
201092,2023-08-21 00:00:00,2023,8,38642,Laptop,5,209.2,930,Debit Card,Delivered,47744396,6,WINTER15,Email,1046
201093,2023-06-09 00:00:00,2023,6,86773,Phone,4,197.36,557,Gift Card,Returned,22612240,9,FREESHIP,Instagram,789.44
201094,2023-06-28 00:00:00,2023,6,66093,Printer,4,648.91,615,Credit Card,Shipped,54950785,6,SAVE10,Instagram,2595.64
201095,2024-04-23 00:00:00,2024,4,33051,Phone,2,441.54,397,Online,Delivered,92929755,2,SAVE10,Email,883.08
201096,2025-05-03 00:00:00,2025,5,18169,Tablet,2,464.92,782,Debit Card,Returned,49482923,2,No_Coupon,Facebook,929.84
201097,2024-12-26 00:00:00,2024,12,81370,Monitor,5,506.45,344,Gift Card,Shipped,99682998,7,WINTER15,Google,2532.25
201098,2023-06-17 00:00:00,2023,6,91103,Monitor,4,255.86,155,Credit Card,Delivered,91653000,7,No_Coupon,Email,1023.44
201099,2024-09-19 00:00:00,2024,9,21953,Laptop,2,125.23,272,Cash,Cancelled,60774796,3,FREESHIP,Email,250.46
201100,2023-08-17 00:00:00,2023,8,15146,Laptop,5,38.11,428,Debit Card,Cancelled,79790530,6,WINTER15,Instagram,190.55
201101,2025-06-08 00:00:00,2025,6,43546,Monitor,3,161.97,904,Cash,Pending,85871121,4,SAVE10,Email,485.91
201102,2024-06-03 00:00:00,2024,6,98474,Chair,4,347.17,997,Debit Card,Shipped,86192984,8,No_Coupon,Instagram,1388.68
201103,2023-04-24 00:00:00,2023,4,90292,Laptop,4,276.32,129,Online,Delivered,26270357,5,No_Coupon,Google,1105.28
201104,2024-07-25 00:00:00,2024,7,17075,Tablet,4,314.76,850,Online,Shipped,63547510,8,No_Coupon,Instagram,1259.04
201105,2024-01-08 00:00:00,2024,1,12487,Tablet,3,475.69,884,Gift Card,Cancelled,23324770,3,FREESHIP,Google,1427.07
201106,2023-03-12 00:00:00,2023,3,34555,Chair,1,372.8,903,Cash,Cancelled,72859458,6,SAVE10,Facebook,372.8
201107,2025-06-30 00:00:00,2025,6,25110,Tablet,2,63.21,282,Online,Cancelled,80963328,4,SAVE10,Google,126.42
201108,2023-03-20 00:00:00,2023,3,35136,Laptop,1,634.94,462,Online,Cancelled,49753703,5,WINTER15,Instagram,634.94
201109,2024-04-08 00:00:00,2024,4,62277,Printer,4,77.47,474,Gift Card,Returned,32026174,7,SAVE10,Instagram,309.88
201110,2024-02-25 00:00:00,2024,2,12472,Chair,3,84.31,912,Credit Card,Shipped,36103184,3,SAVE10,Email,252.93
201111,2023-05-06 00:00:00,2023,5,24047,Monitor,4,234.45,362,Online,Cancelled,91338580,9,FREESHIP,Instagram,937.8
201112,2023-10-13 00:00:00,2023,10,76929,Desk,1,356.81,563,Online,Delivered,80694400,1,WINTER15,Instagram,356.81
201113,2023-03-19 00:00:00,2023,3,52914,Desk,4,209.99,168,Cash,Delivered,80819053,8,No_Coupon,Google,839.96
201114,2023-03-16 00:00:00,2023,3,55164,Tablet,3,659.88,609,Gift Card,Cancelled,79610967,3,No_Coupon,Google,1979.64
201115,2025-06-20 00:00:00,2025,6,70426,Laptop,2,336.32,562,Online,Returned,89687816,3,No_Coupon,Google,672.64
201116,2023-10-14 00:00:00,2023,10,69149,Printer,2,531.49,562,Credit Card,Delivered,61265132,7,WINTER15,Facebook,1062.98
201117,2024-05-20 00:00:00,2024,5,78684,Chair,3,588.44,858,Gift Card,Shipped,95779073,8,WINTER15,Google,1765.32
201118,2024-05-24 00:00:00,2024,5,58168,Phone,3,251.48,359,Credit Card,Returned,99102265,4,No_Coupon,Email,754.44
201119,2024-11-24 00:00:00,2024,11,99024,Laptop,1,684.65,250,Credit Card,Delivered,24675988,1,FREESHIP,Email,684.65
201120,2025-05-10 00:00:00,2025,5,22919,Tablet,1,195.86,267,Online,Pending,82416295,3,No_Coupon,Facebook,195.86
201121,2023-05-28 00:00:00,2023,5,98354,Phone,3,50.34,393,Gift Card,Returned,43070888,3,FREESHIP,Instagram,151.02
201122,2023-06-07 00:00:00,2023,6,38840,Monitor,5,678.19,766,Online,Returned,32496970,8,No_Coupon,Facebook,3390.95
201123,2023-04-14 00:00:00,2023,4,68936,Tablet,3,554.25,843,Debit Card,Shipped,73163634,6,WINTER15,Referral,1662.75
201124,2023-05-09 00:00:00,2023,5,33744,Chair,4,576.87,888,Gift Card,Returned,40245983,5,No_Coupon,Instagram,2307.48
201125,2023-10-16 00:00:00,2023,10,23555,Desk,4,408.36,156,Gift Card,Cancelled,67210247,4,FREESHIP,Referral,1633.44
201126,2024-07-22 00:00:00,2024,7,34337,Phone,5,190.11,325,Cash,Delivered,36195559,7,SAVE10,Google,950.55
201127,2025-03-15 00:00:00,2025,3,69396,Printer,3,602.75,920,Credit Card,Shipped,33155049,6,SAVE10,Email,1808.25
201128,2023-08-17 00:00:00,2023,8,49198,Monitor,3,646.79,447,Cash,Cancelled,10883354,5,WINTER15,Google,1940.37
201129,2023-06-11 00:00:00,2023,6,43911,Chair,4,418.71,239,Cash,Pending,37495481,8,FREESHIP,Instagram,1674.84
201130,2025-02-16 00:00:00,2025,2,24347,Laptop,2,323.45,533,Credit Card,Returned,27233265,5,FREESHIP,Instagram,646.9
201131,2024-07-18 00:00:00,2024,7,21043,Phone,1,694.5,195,Credit Card,Pending,41691086,3,WINTER15,Facebook,694.5
201132,2024-12-02 00:00:00,2024,12,58858,Chair,2,337.32,948,Credit Card,Cancelled,30406357,4,SAVE10,Email,674.64
201133,2024-04-09 00:00:00,2024,4,20670,Printer,2,467.91,432,Gift Card,Returned,76731303,5,WINTER15,Facebook,935.82
201134,2024-06-08 00:00:00,2024,6,90993,Desk,4,38.28,950,Debit Card,Cancelled,53964711,4,WINTER15,Facebook,153.12
201135,2023-12-28 00:00:00,2023,12,11473,Printer,2,73.41,562,Online,Shipped,97793275,2,SAVE10,Google,146.82
201136,2023-09-24 00:00:00,2023,9,71899,Tablet,3,668.33,799,Gift Card,Pending,34856025,4,WINTER15,Facebook,2004.99
201137,2024-07-29 00:00:00,2024,7,48577,Printer,4,410.21,841,Cash,Pending,59911645,5,WINTER15,Instagram,1640.84
201138,2023-12-18 00:00:00,2023,12,13100,Desk,4,294.41,188,Debit Card,Pending,55565668,4,No_Coupon,Instagram,1177.64
201139,2025-03-01 00:00:00,2025,3,70659,Chair,3,501.82,568,Gift Card,Cancelled,28290825,4,FREESHIP,Email,1505.46
201140,2024-06-24 00:00:00,2024,6,49838,Printer,2,552.83,904,Credit Card,Cancelled,38297718,3,No_Coupon,Referral,1105.66
201141,2025-02-16 00:00:00,2025,2,11998,Chair,3,498.66,382,Cash,Cancelled,26707221,6,No_Coupon,Email,1495.98
201142,2024-08-23 00:00:00,2024,8,23405,Phone,4,695.1,484,Debit Card,Returned,83678708,8,No_Coupon,Email,2780.4
201143,2023-04-03 00:00:00,2023,4,41132,Chair,1,381.61,114,Debit Card,Pending,51040137,5,No_Coupon,Email,381.61
201144,2023-02-16 00:00:00,2023,2,88463,Desk,5,507.94,292,Online,Cancelled,88749996,9,No_Coupon,Facebook,2539.7
201145,2025-05-12 00:00:00,2025,5,28152,Desk,3,571.53,821,Debit Card,Delivered,59642814,6,FREESHIP,Facebook,1714.59
201146,2024-10-03 00:00:00,2024,10,36383,Monitor,5,421.44,286,Cash,Pending,93336357,5,SAVE10,Instagram,2107.2
201147,2025-01-02 00:00:00,2025,1,19759,Chair,2,588.3,234,Online,Pending,22515454,2,FREESHIP,Email,1176.6
201148,2024-06-25 00:00:00,2024,6,54886,Phone,1,355.15,442,Cash,Returned,66241930,2,SAVE10,Email,355.15
201149,2024-07-25 00:00:00,2024,7,27305,Chair,2,695.29,957,Credit Card,Pending,28789916,6,FREESHIP,Instagram,1390.58
201150,2023-02-20 00:00:00,2023,2,17921,Desk,4,302.65,119,Credit Card,Cancelled,79291524,8,SAVE10,Referral,1210.6
201151,2023-01-29 00:00:00,2023,1,94381,Chair,2,608.04,962,Cash,Cancelled,69804304,4,No_Coupon,Google,1216.08
201152,2023-11-09 00:00:00,2023,11,25162,Tablet,2,344.18,533,Credit Card,Shipped,42183078,7,No_Coupon,Referral,688.36
201153,2024-12-16 00:00:00,2024,12,98317,Monitor,4,696.71,276,Debit Card,Shipped,37172138,4,No_Coupon,Instagram,2786.84
201154,2025-06-11 00:00:00,2025,6,53631,Monitor,3,198.63,593,Cash,Pending,67589167,8,SAVE10,Instagram,595.89
201155,2023-08-13 00:00:00,2023,8,41478,Printer,4,534.57,667,Credit Card,Delivered,62068126,6,FREESHIP,Facebook,2138.28
201156,2023-07-19 00:00:00,2023,7,20512,Laptop,4,690.78,980,Credit Card,Shipped,98234737,9,No_Coupon,Referral,2763.12
201157,2024-05-29 00:00:00,2024,5,25841,Monitor,3,301.55,242,Debit Card,Delivered,21451375,5,FREESHIP,Google,904.65
201158,2023-04-20 00:00:00,2023,4,82781,Monitor,4,27.42,661,Debit Card,Pending,20605418,4,SAVE10,Referral,109.68
201159,2024-02-23 00:00:00,2024,2,66112,Desk,4,466.7,874,Debit Card,Returned,60955607,8,No_Coupon,Instagram,1866.8
201160,2024-09-04 00:00:00,2024,9,40466,Desk,1,541.64,449,Debit Card,Shipped,70255168,5,SAVE10,Email,541.64
201161,2023-10-16 00:00:00,2023,10,32570,Phone,1,11.39,826,Cash,Cancelled,35969968,6,WINTER15,Email,11.39
201162,2025-03-11 00:00:00,2025,3,29405,Phone,2,224.37,251,Debit Card,Delivered,33125798,3,WINTER15,Referral,448.74
201163,2024-06-11 00:00:00,2024,6,30643,Laptop,3,306.29,966,Credit Card,Returned,19477485,7,WINTER15,Instagram,918.87
201164,2024-01-08 00:00:00,2024,1,65890,Tablet,5,315.57,340,Debit Card,Delivered,64530489,6,WINTER15,Email,1577.85
201165,2023-07-14 00:00:00,2023,7,36992,Chair,3,223.79,617,Debit Card,Pending,63460217,3,No_Coupon,Google,671.37
201166,2023-07-31 00:00:00,2023,7,95568,Chair,3,324.47,971,Cash,Delivered,37075292,4,WINTER15,Email,973.41
201167,2023-10-17 00:00:00,2023,10,17966,Printer,2,92.87,360,Credit Card,Pending,31169396,5,FREESHIP,Facebook,185.74
201168,2023-04-08 00:00:00,2023,4,89559,Laptop,2,331.42,297,Credit Card,Delivered,82838108,6,WINTER15,Google,662.84
201169,2024-12-23 00:00:00,2024,12,15849,Chair,1,525.43,643,Cash,Cancelled,26794546,2,SAVE10,Instagram,525.43
201170,2023-08-03 00:00:00,2023,8,94257,Printer,2,697.19,762,Cash,Returned,40220743,7,FREESHIP,Email,1394.38
201171,2023-08-28 00:00:00,2023,8,39911,Phone,4,518.4,699,Credit Card,Delivered,80431998,7,SAVE10,Facebook,2073.6
201172,2025-02-04 00:00:00,2025,2,28828,Desk,3,131.96,745,Credit Card,Pending,32550359,8,No_Coupon,Instagram,395.88
201173,2024-10-04 00:00:00,2024,10,82921,Monitor,1,208.36,703,Online,Shipped,31079911,4,FREESHIP,Email,208.36
201174,2023-11-27 00:00:00,2023,11,50159,Printer,3,222.34,105,Credit Card,Returned,53737452,5,WINTER15,Email,667.02
201175,2024-09-10 00:00:00,2024,9,62512,Printer,3,91.74,368,Debit Card,Returned,24139954,8,FREESHIP,Referral,275.22
201176,2023-08-13 00:00:00,2023,8,39260,Tablet,2,213.83,374,Debit Card,Cancelled,55587314,2,WINTER15,Email,427.66
201177,2023-04-27 00:00:00,2023,4,23917,Printer,1,127.55,433,Cash,Shipped,44434536,3,SAVE10,Referral,127.55
201178,2024-09-08 00:00:00,2024,9,65107,Monitor,1,70.24,456,Credit Card,Cancelled,10261578,4,FREESHIP,Google,70.24
201179,2023-01-08 00:00:00,2023,1,84630,Laptop,5,518.55,907,Credit Card,Cancelled,48054997,6,WINTER15,Instagram,2592.75
201180,2023-10-31 00:00:00,2023,10,42235,Chair,4,298.36,722,Debit Card,Pending,49379882,8,FREESHIP,Google,1193.44
201181,2023-07-27 00:00:00,2023,7,70246,Desk,3,158.74,293,Online,Pending,45708320,7,FREESHIP,Instagram,476.22
201182,2025-06-14 00:00:00,2025,6,18473,Chair,2,420.29,700,Gift Card,Returned,97834202,3,SAVE10,Google,840.58
201183,2023-04-05 00:00:00,2023,4,12607,Desk,1,281.52,460,Gift Card,Shipped,83653396,6,WINTER15,Referral,281.52
201184,2023-09-27 00:00:00,2023,9,10222,Laptop,1,204.08,979,Gift Card,Returned,86297895,4,No_Coupon,Google,204.08
201185,2024-07-08 00:00:00,2024,7,77344,Chair,1,343.31,777,Gift Card,Returned,20605055,6,SAVE10,Google,343.31
201186,2023-11-18 00:00:00,2023,11,65497,Monitor,1,163.32,676,Cash,Shipped,83702761,6,WINTER15,Facebook,163.32
201187,2024-03-13 00:00:00,2024,3,26340,Desk,2,184.6,562,Gift Card,Delivered,59962703,7,WINTER15,Email,369.2
201188,2023-10-07 00:00:00,2023,10,75619,Printer,2,371.29,924,Gift Card,Shipped,23086941,5,WINTER15,Facebook,742.58
201189,2024-08-17 00:00:00,2024,8,96136,Tablet,5,389.22,149,Cash,Cancelled,60856682,7,No_Coupon,Referral,1946.1
201190,2025-06-08 00:00:00,2025,6,46886,Desk,3,616.39,754,Credit Card,Shipped,82791646,6,FREESHIP,Instagram,1849.17
201191,2025-02-10 00:00:00,2025,2,44148,Desk,4,376.43,809,Gift Card,Pending,67872709,5,WINTER15,Instagram,1505.72
201192,2024-02-28 00:00:00,2024,2,72007,Chair,3,432.85,999,Online,Pending,16240916,4,No_Coupon,Instagram,1298.55
201193,2025-06-16 00:00:00,2025,6,45104,Tablet,1,687.89,348,Cash,Returned,38559816,1,FREESHIP,Email,687.89
201194,2023-11-19 00:00:00,2023,11,29885,Printer,3,189.44,725,Cash,Pending,62067865,4,FREESHIP,Email,568.32
201195,2024-06-20 00:00:00,2024,6,21126,Desk,1,107.04,392,Credit Card,Cancelled,38009181,6,FREESHIP,Google,107.04
201196,2024-03-04 00:00:00,2024,3,20095,Monitor,2,662.53,778,Online,Cancelled,69207593,5,No_Coupon,Facebook,1325.06
201197,2023-07-13 00:00:00,2023,7,79674,Tablet,2,436.84,275,Online,Delivered,88039356,2,FREESHIP,Instagram,873.68
201198,2024-08-22 00:00:00,2024,8,64753,Chair,4,262.52,509,Debit Card,Cancelled,71683331,4,WINTER15,Instagram,1050.08
201199,2023-06-11 00:00:00,2023,6,57502,Tablet,4,560.58,201,Gift Card,Returned,51116746,6,SAVE10,Referral,2242.32
